Equivalent,Index
0101   ABRA - Bangued (Capital),101
0102   ABRA - Boliney,102
0103   ABRA - Bucay,103
0104   ABRA - Bucloc,104
0105   ABRA - Daguioman,105
0106   ABRA - Danglas,106
0107   ABRA - Dolores,107
0108   ABRA - La Paz,108
0109   ABRA - Lacub,109
0110   ABRA - Lagangilang,110
0111   ABRA - Lagayan,111
0112   ABRA - Langiden,112
0113   ABRA - Licuan-Baay (Licuan),113
0114   ABRA - Luba,114
0115   ABRA - Malibcong,115
0116   ABRA - Manabo,116
0117   ABRA - Peñarrubia,117
0118   ABRA - Pidigan,118
0119   ABRA - Pilar,119
0120   ABRA - Sallapadan,120
0121   ABRA - San Isidro,121
0122   ABRA - San Juan,122
0123   ABRA - San Quintin,123
0124   ABRA - Tayum,124
0125   ABRA - Tineg,125
0126   ABRA - Tubo,126
0127   ABRA - Villaviciosa,127
0201   AGUSAN DEL NORTE - Buenavista,201
0202   AGUSAN DEL NORTE - City of Butuan (Capital),202
0203   AGUSAN DEL NORTE - City of Cabadbaran,203
0204   AGUSAN DEL NORTE - Carmen,204
0205   AGUSAN DEL NORTE - Jabonga,205
0206   AGUSAN DEL NORTE - Kitcharao,206
0207   AGUSAN DEL NORTE - Las Nieves,207
0208   AGUSAN DEL NORTE - Magallanes,208
0209   AGUSAN DEL NORTE - Nasipit,209
0210   AGUSAN DEL NORTE - Santiago,210
0211   AGUSAN DEL NORTE - Tubay,211
0212   AGUSAN DEL NORTE - Remedios T. Romualdez,212
0301   AGUSAN DEL SUR - City of Bayugan,301
0302   AGUSAN DEL SUR - Bunawan,302
0303   AGUSAN DEL SUR - Esperanza,303
0304   AGUSAN DEL SUR - La Paz,304
0305   AGUSAN DEL SUR - Loreto,305
0306   AGUSAN DEL SUR - Prosperidad (Capital),306
0307   AGUSAN DEL SUR - Rosario,307
0308   AGUSAN DEL SUR - San Francisco,308
0309   AGUSAN DEL SUR - San Luis,309
0310   AGUSAN DEL SUR - Santa Josefa,310
0311   AGUSAN DEL SUR - Talacogon,311
0312   AGUSAN DEL SUR - Trento,312
0313   AGUSAN DEL SUR - Veruela,313
0314   AGUSAN DEL SUR - Sibagat,314
0401   AKLAN - Altavas,401
0402   AKLAN - Balete,402
0403   AKLAN - Banga,403
0404   AKLAN - Batan,404
0405   AKLAN - Buruanga,405
0406   AKLAN - Ibajay,406
0407   AKLAN - Kalibo (Capital),407
0408   AKLAN - Lezo,408
0409   AKLAN - Libacao,409
0410   AKLAN - Madalag,410
0411   AKLAN - Makato,411
0412   AKLAN - Malay,412
0413   AKLAN - Malinao,413
0414   AKLAN - Nabas,414
0415   AKLAN - New Washington,415
0416   AKLAN - Numancia,416
0417   AKLAN - Tangalan,417
0501   ALBAY - Bacacay,501
0502   ALBAY - Camalig,502
0503   ALBAY - Daraga (Locsin),503
0504   ALBAY - Guinobatan,504
0505   ALBAY - Jovellar,505
0506   ALBAY - City of Legazpi (Capital),506
0507   ALBAY - Libon,507
0508   ALBAY - City of Ligao,508
0509   ALBAY - Malilipot,509
0510   ALBAY - Malinao,510
0511   ALBAY - Manito,511
0512   ALBAY - Oas,512
0513   ALBAY - Pio Duran,513
0514   ALBAY - Polangui,514
0515   ALBAY - Rapu-Rapu,515
0516   ALBAY - Santo Domingo (Libog),516
0517   ALBAY - City of Tabaco,517
0518   ALBAY - Tiwi,518
0601   ANTIQUE - Anini-Y,601
0602   ANTIQUE - Barbaza,602
0603   ANTIQUE - Belison,603
0604   ANTIQUE - Bugasong,604
0605   ANTIQUE - Caluya,605
0606   ANTIQUE - Culasi,606
0607   ANTIQUE - Tobias Fornier (Dao),607
0608   ANTIQUE - Hamtic,608
0609   ANTIQUE - Laua-An,609
0610   ANTIQUE - Libertad,610
0611   ANTIQUE - Pandan,611
0612   ANTIQUE - Patnongon,612
0613   ANTIQUE - San Jose (Capital),613
0614   ANTIQUE - San Remigio,614
0615   ANTIQUE - Sebaste,615
0616   ANTIQUE - Sibalom,616
0617   ANTIQUE - Tibiao,617
0618   ANTIQUE - Valderrama,618
0702   BASILAN - City of Lamitan (Capital),702
0703   BASILAN - Lantawan,703
0704   BASILAN - Maluso,704
0705   BASILAN - Sumisip,705
0706   BASILAN - Tipo-Tipo,706
0707   BASILAN - Tuburan,707
0708   BASILAN - Akbar,708
0709   BASILAN - Al-Barka,709
0710   BASILAN - Hadji Mohammad Ajul,710
0711   BASILAN - Ungkaya Pukan,711
0712   BASILAN - Hadji Muhtamad,712
0713   BASILAN - Tabuan-Lasa,713
0801   BATAAN - Abucay,801
0802   BATAAN - Bagac,802
0803   BATAAN - City of Balanga (Capital),803
0804   BATAAN - Dinalupihan,804
0805   BATAAN - Hermosa,805
0806   BATAAN - Limay,806
0807   BATAAN - Mariveles,807
0808   BATAAN - Morong,808
0809   BATAAN - Orani,809
0810   BATAAN - Orion,810
0811   BATAAN - Pilar,811
0812   BATAAN - Samal,812
0901   BATANES - Basco (Capital),901
0902   BATANES - Itbayat,902
0903   BATANES - Ivana,903
0904   BATANES - Mahatao,904
0905   BATANES - Sabtang,905
0906   BATANES - Uyugan,906
1001   BATANGAS    - Agoncillo,1001
1002   BATANGAS    - Alitagtag,1002
1003   BATANGAS    - Balayan,1003
1004   BATANGAS    - Balete,1004
1005   BATANGAS    - Batangas City (Capital),1005
1006   BATANGAS    - Bauan,1006
1007   BATANGAS    - Calaca,1007
1008   BATANGAS    - Calatagan,1008
1009   BATANGAS    - Cuenca,1009
1010   BATANGAS    - Ibaan,1010
1011   BATANGAS    - Laurel,1011
1012   BATANGAS    - Lemery,1012
1013   BATANGAS    - Lian,1013
1014   BATANGAS    - City of Lipa,1014
1015   BATANGAS    - Lobo,1015
1016   BATANGAS    - Mabini,1016
1017   BATANGAS    - Malvar,1017
1018   BATANGAS    - Mataasnakahoy,1018
1019   BATANGAS    - Nasugbu,1019
1020   BATANGAS    - Padre Garcia,1020
1021   BATANGAS    - Rosario,1021
1022   BATANGAS    - San Jose,1022
1023   BATANGAS    - San Juan,1023
1024   BATANGAS    - San Luis,1024
1025   BATANGAS    - San Nicolas,1025
1026   BATANGAS    - San Pascual,1026
1027   BATANGAS    - Santa Teresita,1027
1028   BATANGAS    - City of Sto. Tomas,1028
1029   BATANGAS    - Taal,1029
1030   BATANGAS    - Talisay,1030
1031   BATANGAS    - City of Tanauan,1031
1032   BATANGAS    - Taysan,1032
1033   BATANGAS    - Tingloy,1033
1034   BATANGAS    - Tuy,1034
1101   BENGUET - Atok,1101
1102   BENGUET - City of Baguio,1102
1103   BENGUET - Bakun,1103
1104   BENGUET - Bokod,1104
1105   BENGUET - Buguias,1105
1106   BENGUET - Itogon,1106
1107   BENGUET - Kabayan,1107
1108   BENGUET - Kapangan,1108
1109   BENGUET - Kibungan,1109
1110   BENGUET - La Trinidad (Capital),1110
1111   BENGUET - Mankayan,1111
1112   BENGUET - Sablan,1112
1113   BENGUET - Tuba,1113
1114   BENGUET - Tublay,1114
1201   BOHOL - Alburquerque,1201
1202   BOHOL - Alicia,1202
1203   BOHOL - Anda,1203
1204   BOHOL - Antequera,1204
1205   BOHOL - Baclayon,1205
1206   BOHOL - Balilihan,1206
1207   BOHOL - Batuan,1207
1208   BOHOL - Bilar,1208
1209   BOHOL - Buenavista,1209
1210   BOHOL - Calape,1210
1211   BOHOL - Candijay,1211
1212   BOHOL - Carmen,1212
1213   BOHOL - Catigbian,1213
1214   BOHOL - Clarin,1214
1215   BOHOL - Corella,1215
1216   BOHOL - Cortes,1216
1217   BOHOL - Dagohoy,1217
1218   BOHOL - Danao,1218
1219   BOHOL - Dauis,1219
1220   BOHOL - Dimiao,1220
1221   BOHOL - Duero,1221
1222   BOHOL - Garcia Hernandez,1222
1223   BOHOL - Guindulman,1223
1224   BOHOL - Inabanga,1224
1225   BOHOL - Jagna,1225
1226   BOHOL - Getafe,1226
1227   BOHOL - Lila,1227
1228   BOHOL - Loay,1228
1229   BOHOL - Loboc,1229
1230   BOHOL - Loon,1230
1231   BOHOL - Mabini,1231
1232   BOHOL - Maribojoc,1232
1233   BOHOL - Panglao,1233
1234   BOHOL - Pilar,1234
1235   BOHOL - Pres. Carlos P. Garcia (Pitogo),1235
1236   BOHOL - Sagbayan (Borja),1236
1237   BOHOL - San Isidro,1237
1238   BOHOL - San Miguel,1238
1239   BOHOL - Sevilla,1239
1240   BOHOL - Sierra Bullones,1240
1241   BOHOL - Sikatuna,1241
1242   BOHOL - City of Tagbilaran (Capital),1242
1243   BOHOL - Talibon,1243
1244   BOHOL - Trinidad,1244
1245   BOHOL - Tubigon,1245
1246   BOHOL - Ubay,1246
1247   BOHOL - Valencia,1247
1248   BOHOL - Bien Unido,1248
1301   BUKIDNON - Baungon,1301
1302   BUKIDNON - Damulog,1302
1303   BUKIDNON - Dangcagan,1303
1304   BUKIDNON - Don Carlos,1304
1305   BUKIDNON - Impasug-ong,1305
1306   BUKIDNON - Kadingilan,1306
1307   BUKIDNON - Kalilangan,1307
1308   BUKIDNON - Kibawe,1308
1309   BUKIDNON - Kitaotao,1309
1310   BUKIDNON - Lantapan,1310
1311   BUKIDNON - Libona,1311
1312   BUKIDNON - City of Malaybalay (Capital),1312
1313   BUKIDNON - Malitbog,1313
1314   BUKIDNON - Manolo Fortich,1314
1315   BUKIDNON - Maramag,1315
1316   BUKIDNON - Pangantucan,1316
1317   BUKIDNON - Quezon,1317
1318   BUKIDNON - San Fernando,1318
1319   BUKIDNON - Sumilao,1319
1320   BUKIDNON - Talakag,1320
1321   BUKIDNON - City of Valencia,1321
1322   BUKIDNON - Cabanglasan,1322
1401   BULACAN - Angat,1401
1402   BULACAN - Balagtas (Bigaa),1402
1403   BULACAN - Baliuag,1403
1404   BULACAN - Bocaue,1404
1405   BULACAN - Bulacan,1405
1406   BULACAN - Bustos,1406
1407   BULACAN - Calumpit,1407
1408   BULACAN - Guiguinto,1408
1409   BULACAN - Hagonoy,1409
1410   BULACAN - City of Malolos (Capital),1410
1411   BULACAN - Marilao,1411
1412   BULACAN - City of Meycauayan,1412
1413   BULACAN - Norzagaray,1413
1414   BULACAN - Obando,1414
1415   BULACAN - Pandi,1415
1416   BULACAN - Paombong,1416
1417   BULACAN - Plaridel,1417
1418   BULACAN - Pulilan,1418
1419   BULACAN - San Ildefonso,1419
1420   BULACAN - City of San Jose Del Monte,1420
1421   BULACAN - San Miguel,1421
1422   BULACAN - San Rafael,1422
1423   BULACAN - Santa Maria,1423
1424   BULACAN - Doña Remedios Trinidad,1424
1501   CAGAYAN - Abulug,1501
1502   CAGAYAN - Alcala,1502
1503   CAGAYAN - Allacapan,1503
1504   CAGAYAN - Amulung,1504
1505   CAGAYAN - Aparri,1505
1506   CAGAYAN - Baggao,1506
1507   CAGAYAN - Ballesteros,1507
1508   CAGAYAN - Buguey,1508
1509   CAGAYAN - Calayan,1509
1510   CAGAYAN - Camalaniugan,1510
1511   CAGAYAN - Claveria,1511
1512   CAGAYAN - Enrile,1512
1513   CAGAYAN - Gattaran,1513
1514   CAGAYAN - Gonzaga,1514
1515   CAGAYAN - Iguig,1515
1516   CAGAYAN - Lal-Lo,1516
1517   CAGAYAN - Lasam,1517
1518   CAGAYAN - Pamplona,1518
1519   CAGAYAN - Peñablanca,1519
1520   CAGAYAN - Piat,1520
1521   CAGAYAN - Rizal,1521
1522   CAGAYAN - Sanchez-Mira,1522
1523   CAGAYAN - Santa Ana,1523
1524   CAGAYAN - Santa Praxedes,1524
1525   CAGAYAN - Santa Teresita,1525
1526   CAGAYAN - Santo Niño (Faire),1526
1527   CAGAYAN - Solana,1527
1528   CAGAYAN - Tuao,1528
1529   CAGAYAN - Tuguegarao City (Capital),1529
1601   CAMARINES NORTE - Basud,1601
1602   CAMARINES NORTE - Capalonga,1602
1603   CAMARINES NORTE - Daet (Capital),1603
1604   CAMARINES NORTE - San Lorenzo Ruiz (Imelda),1604
1605   CAMARINES NORTE - Jose Panganiban,1605
1606   CAMARINES NORTE - Labo,1606
1607   CAMARINES NORTE - Mercedes,1607
1608   CAMARINES NORTE - Paracale,1608
1609   CAMARINES NORTE - San Vicente,1609
1610   CAMARINES NORTE - Santa Elena,1610
1611   CAMARINES NORTE - Talisay,1611
1612   CAMARINES NORTE - Vinzons,1612
1701   CAMARINES SUR - Baao,1701
1702   CAMARINES SUR - Balatan,1702
1703   CAMARINES SUR - Bato,1703
1704   CAMARINES SUR - Bombon,1704
1705   CAMARINES SUR - Buhi,1705
1706   CAMARINES SUR - Bula,1706
1707   CAMARINES SUR - Cabusao,1707
1708   CAMARINES SUR - Calabanga,1708
1709   CAMARINES SUR - Camaligan,1709
1710   CAMARINES SUR - Canaman,1710
1711   CAMARINES SUR - Caramoan,1711
1712   CAMARINES SUR - Del Gallego,1712
1713   CAMARINES SUR - Gainza,1713
1714   CAMARINES SUR - Garchitorena,1714
1715   CAMARINES SUR - Goa,1715
1716   CAMARINES SUR - City of Iriga,1716
1717   CAMARINES SUR - Lagonoy,1717
1718   CAMARINES SUR - Libmanan,1718
1719   CAMARINES SUR - Lupi,1719
1720   CAMARINES SUR - Magarao,1720
1721   CAMARINES SUR - Milaor,1721
1722   CAMARINES SUR - Minalabac,1722
1723   CAMARINES SUR - Nabua,1723
1724   CAMARINES SUR - City of Naga,1724
1725   CAMARINES SUR - Ocampo,1725
1726   CAMARINES SUR - Pamplona,1726
1727   CAMARINES SUR - Pasacao,1727
1728   CAMARINES SUR - Pili (Capital),1728
1729   CAMARINES SUR - Presentacion (Parubcan),1729
1730   CAMARINES SUR - Ragay,1730
1731   CAMARINES SUR - Sagñay,1731
1732   CAMARINES SUR - San Fernando,1732
1733   CAMARINES SUR - San Jose,1733
1734   CAMARINES SUR - Sipocot,1734
1735   CAMARINES SUR - Siruma,1735
1736   CAMARINES SUR - Tigaon,1736
1737   CAMARINES SUR - Tinambac,1737
1801   CAMIGUIN - Catarman,1801
1802   CAMIGUIN - Guinsiliban,1802
1803   CAMIGUIN - Mahinog,1803
1804   CAMIGUIN - Mambajao (Capital),1804
1805   CAMIGUIN - Sagay,1805
1901   CAPIZ - Cuartero,1901
1902   CAPIZ - Dao,1902
1903   CAPIZ - Dumalag,1903
1904   CAPIZ - Dumarao,1904
1905   CAPIZ - Ivisan,1905
1906   CAPIZ - Jamindan,1906
1907   CAPIZ - Ma-Ayon,1907
1908   CAPIZ - Mambusao,1908
1909   CAPIZ - Panay,1909
1910   CAPIZ - Panitan,1910
1911   CAPIZ - Pilar,1911
1912   CAPIZ - Pontevedra,1912
1913   CAPIZ - President Roxas,1913
1914   CAPIZ - City of Roxas (Capital),1914
1915   CAPIZ - Sapi-An,1915
1916   CAPIZ - Sigma,1916
1917   CAPIZ - Tapaz,1917
2001   CATANDUANES - Bagamanoc,2001
2002   CATANDUANES - Baras,2002
2003   CATANDUANES - Bato,2003
2004   CATANDUANES - Caramoran,2004
2005   CATANDUANES - Gigmoto,2005
2006   CATANDUANES - Pandan,2006
2007   CATANDUANES - Panganiban (Payo),2007
2008   CATANDUANES - San Andres (Calolbon),2008
2009   CATANDUANES - San Miguel,2009
2010   CATANDUANES - Viga,2010
2011   CATANDUANES - Virac (Capital),2011
2101   CAVITE - Alfonso,2101
2102   CAVITE - Amadeo,2102
2103   CAVITE - City of Bacoor,2103
2104   CAVITE - Carmona,2104
2105   CAVITE - City of Cavite,2105
2106   CAVITE - City of Dasmariñas,2106
2107   CAVITE - General Emilio Aguinaldo,2107
2108   CAVITE - City of General Trias,2108
2109   CAVITE - City of Imus,2109
2110   CAVITE - Indang,2110
2111   CAVITE - Kawit,2111
2112   CAVITE - Magallanes,2112
2113   CAVITE - Maragondon,2113
2114   CAVITE - Mendez (Mendez-Nuñez),2114
2115   CAVITE - Naic,2115
2116   CAVITE - Noveleta,2116
2117   CAVITE - Rosario,2117
2118   CAVITE - Silang,2118
2119   CAVITE - City of Tagaytay,2119
2120   CAVITE - Tanza,2120
2121   CAVITE - Ternate,2121
2122   CAVITE - City of Trece Martires (Capital),2122
2123   CAVITE - Gen. Mariano Alvarez,2123
2201   CEBU  - Alcantara,2201
2202   CEBU  - Alcoy,2202
2203   CEBU  - Alegria,2203
2204   CEBU  - Aloguinsan,2204
2205   CEBU  - Argao,2205
2206   CEBU  - Asturias,2206
2207   CEBU  - Badian,2207
2208   CEBU  - Balamban,2208
2209   CEBU  - Bantayan,2209
2210   CEBU  - Barili,2210
2211   CEBU  - City of Bogo,2211
2212   CEBU  - Boljoon,2212
2213   CEBU  - Borbon,2213
2214   CEBU  - City of Carcar,2214
2215   CEBU  - Carmen,2215
2216   CEBU  - Catmon,2216
2217   CEBU  - City of Cebu (Capital),2217
2218   CEBU  - Compostela,2218
2219   CEBU  - Consolacion,2219
2220   CEBU  - Cordova,2220
2221   CEBU  - Daanbantayan,2221
2222   CEBU  - Dalaguete,2222
2223   CEBU  - Danao City,2223
2224   CEBU  - Dumanjug,2224
2225   CEBU  - Ginatilan,2225
2226   CEBU  - City of Lapu-Lapu (Opon),2226
2227   CEBU  - Liloan,2227
2228   CEBU  - Madridejos,2228
2229   CEBU  - Malabuyoc,2229
2230   CEBU  - City of Mandaue,2230
2231   CEBU  - Medellin,2231
2232   CEBU  - Minglanilla,2232
2233   CEBU  - Moalboal,2233
2234   CEBU  - City of Naga,2234
2235   CEBU  - Oslob,2235
2236   CEBU  - Pilar,2236
2237   CEBU  - Pinamungajan,2237
2238   CEBU  - Poro,2238
2239   CEBU  - Ronda,2239
2240   CEBU  - Samboan,2240
2241   CEBU  - San Fernando,2241
2242   CEBU  - San Francisco,2242
2243   CEBU  - San Remigio,2243
2244   CEBU  - Santa Fe,2244
2245   CEBU  - Santander,2245
2246   CEBU  - Sibonga,2246
2247   CEBU  - Sogod,2247
2248   CEBU  - Tabogon,2248
2249   CEBU  - Tabuelan,2249
2250   CEBU  - City of Talisay,2250
2251   CEBU  - City of Toledo,2251
2252   CEBU  - Tuburan,2252
2253   CEBU  - Tudela,2253
2301   DAVAO DEL NORTE - Asuncion (Saug),2301
2303   DAVAO DEL NORTE - Carmen,2303
2305   DAVAO DEL NORTE - Kapalong,2305
2314   DAVAO DEL NORTE - New Corella,2314
2315   DAVAO DEL NORTE - City of Panabo,2315
2317   DAVAO DEL NORTE - Island Garden City of Samal,2317
2318   DAVAO DEL NORTE - Santo Tomas,2318
2319   DAVAO DEL NORTE - City of Tagum (Capital),2319
2322   DAVAO DEL NORTE - Talaingod,2322
2323   DAVAO DEL NORTE - Braulio E. Dujali,2323
2324   DAVAO DEL NORTE - San Isidro,2324
2401   DAVAO DEL SUR - Bansalan,2401
2402   DAVAO DEL SUR - City of Davao,2402
2403   DAVAO DEL SUR - City of Digos (Capital),2403
2404   DAVAO DEL SUR - Hagonoy,2404
2406   DAVAO DEL SUR - Kiblawan,2406
2407   DAVAO DEL SUR - Magsaysay,2407
2408   DAVAO DEL SUR - Malalag,2408
2410   DAVAO DEL SUR - Matanao,2410
2411   DAVAO DEL SUR - Padada,2411
2412   DAVAO DEL SUR - Santa Cruz,2412
2414   DAVAO DEL SUR - Sulop,2414
2501   DAVAO ORIENTAL - Baganga,2501
2502   DAVAO ORIENTAL - Banaybanay,2502
2503   DAVAO ORIENTAL - Boston,2503
2504   DAVAO ORIENTAL - Caraga,2504
2505   DAVAO ORIENTAL - Cateel,2505
2506   DAVAO ORIENTAL - Governor Generoso,2506
2507   DAVAO ORIENTAL - Lupon,2507
2508   DAVAO ORIENTAL - Manay,2508
2509   DAVAO ORIENTAL - City of Mati (Capital),2509
2510   DAVAO ORIENTAL - San Isidro,2510
2511   DAVAO ORIENTAL - Tarragona,2511
2601   EASTERN SAMAR - Arteche,2601
2602   EASTERN SAMAR - Balangiga,2602
2603   EASTERN SAMAR - Balangkayan,2603
2604   EASTERN SAMAR - City of Borongan (Capital),2604
2605   EASTERN SAMAR - Can-Avid,2605
2606   EASTERN SAMAR - Dolores,2606
2607   EASTERN SAMAR - General Macarthur,2607
2608   EASTERN SAMAR - Giporlos,2608
2609   EASTERN SAMAR - Guiuan,2609
2610   EASTERN SAMAR - Hernani,2610
2611   EASTERN SAMAR - Jipapad,2611
2612   EASTERN SAMAR - Lawaan,2612
2613   EASTERN SAMAR - Llorente,2613
2614   EASTERN SAMAR - Maslog,2614
2615   EASTERN SAMAR - Maydolong,2615
2616   EASTERN SAMAR - Mercedes,2616
2617   EASTERN SAMAR - Oras,2617
2618   EASTERN SAMAR - Quinapondan,2618
2619   EASTERN SAMAR - Salcedo,2619
2620   EASTERN SAMAR - San Julian,2620
2621   EASTERN SAMAR - San Policarpo,2621
2622   EASTERN SAMAR - Sulat,2622
2623   EASTERN SAMAR - Taft,2623
2701   IFUGAO - Banaue,2701
2702   IFUGAO - Hungduan,2702
2703   IFUGAO - Kiangan,2703
2704   IFUGAO - Lagawe (Capital),2704
2705   IFUGAO - Lamut,2705
2706   IFUGAO - Mayoyao,2706
2707   IFUGAO - Alfonso Lista (Potia),2707
2708   IFUGAO - Aguinaldo,2708
2709   IFUGAO - Hingyon,2709
2710   IFUGAO - Tinoc,2710
2711   IFUGAO - Asipulo,2711
2801   ILOCOS NORTE - Adams,2801
2802   ILOCOS NORTE - Bacarra,2802
2803   ILOCOS NORTE - Badoc,2803
2804   ILOCOS NORTE - Bangui,2804
2805   ILOCOS NORTE - City of Batac,2805
2806   ILOCOS NORTE - Burgos,2806
2807   ILOCOS NORTE - Carasi,2807
2808   ILOCOS NORTE - Currimao,2808
2809   ILOCOS NORTE - Dingras,2809
2810   ILOCOS NORTE - Dumalneg,2810
2811   ILOCOS NORTE - Banna (Espiritu),2811
2812   ILOCOS NORTE - City of Laoag (Capital),2812
2813   ILOCOS NORTE - Marcos,2813
2814   ILOCOS NORTE - Nueva Era,2814
2815   ILOCOS NORTE - Pagudpud,2815
2816   ILOCOS NORTE - Paoay,2816
2817   ILOCOS NORTE - Pasuquin,2817
2818   ILOCOS NORTE - Piddig,2818
2819   ILOCOS NORTE - Pinili,2819
2820   ILOCOS NORTE - San Nicolas,2820
2821   ILOCOS NORTE - Sarrat,2821
2822   ILOCOS NORTE - Solsona,2822
2823   ILOCOS NORTE - Vintar,2823
2901   ILOCOS SUR - Alilem,2901
2902   ILOCOS SUR - Banayoyo,2902
2903   ILOCOS SUR - Bantay,2903
2904   ILOCOS SUR - Burgos,2904
2905   ILOCOS SUR - Cabugao,2905
2906   ILOCOS SUR - City of Candon,2906
2907   ILOCOS SUR - Caoayan,2907
2908   ILOCOS SUR - Cervantes,2908
2909   ILOCOS SUR - Galimuyod,2909
2910   ILOCOS SUR - Gregorio del Pilar (Concepcion),2910
2911   ILOCOS SUR - Lidlidda,2911
2912   ILOCOS SUR - Magsingal,2912
2913   ILOCOS SUR - Nagbukel,2913
2914   ILOCOS SUR - Narvacan,2914
2915   ILOCOS SUR - Quirino (Angkaki),2915
2916   ILOCOS SUR - Salcedo (Baugen),2916
2917   ILOCOS SUR - San Emilio,2917
2918   ILOCOS SUR - San Esteban,2918
2919   ILOCOS SUR - San Ildefonso,2919
2920   ILOCOS SUR - San Juan (Lapog),2920
2921   ILOCOS SUR - San Vicente,2921
2922   ILOCOS SUR - Santa,2922
2923   ILOCOS SUR - Santa Catalina,2923
2924   ILOCOS SUR - Santa Cruz,2924
2925   ILOCOS SUR - Santa Lucia,2925
2926   ILOCOS SUR - Santa Maria,2926
2927   ILOCOS SUR - Santiago,2927
2928   ILOCOS SUR - Santo Domingo,2928
2929   ILOCOS SUR - Sigay,2929
2930   ILOCOS SUR - Sinait,2930
2931   ILOCOS SUR - Sugpon,2931
2932   ILOCOS SUR - Suyo,2932
2933   ILOCOS SUR - Tagudin,2933
2934   ILOCOS SUR - City of Vigan (Capital),2934
3001   ILOILO - Ajuy,3001
3002   ILOILO - Alimodian,3002
3003   ILOILO - Anilao,3003
3004   ILOILO - Badiangan,3004
3005   ILOILO - Balasan,3005
3006   ILOILO - Banate,3006
3007   ILOILO - Barotac Nuevo,3007
3008   ILOILO - Barotac Viejo,3008
3009   ILOILO - Batad,3009
3010   ILOILO - Bingawan,3010
3012   ILOILO - Cabatuan,3012
3013   ILOILO - Calinog,3013
3014   ILOILO - Carles,3014
3015   ILOILO - Concepcion,3015
3016   ILOILO - Dingle,3016
3017   ILOILO - Dueñas,3017
3018   ILOILO - Dumangas,3018
3019   ILOILO - Estancia,3019
3020   ILOILO - Guimbal,3020
3021   ILOILO - Igbaras,3021
3022   ILOILO - City of Iloilo (Capital),3022
3023   ILOILO - Janiuay,3023
3025   ILOILO - Lambunao,3025
3026   ILOILO - Leganes,3026
3027   ILOILO - Lemery,3027
3028   ILOILO - Leon,3028
3029   ILOILO - Maasin,3029
3030   ILOILO - Miagao,3030
3031   ILOILO - Mina,3031
3032   ILOILO - New Lucena,3032
3034   ILOILO - Oton,3034
3035   ILOILO - City of Passi,3035
3036   ILOILO - Pavia,3036
3037   ILOILO - Pototan,3037
3038   ILOILO - San Dionisio,3038
3039   ILOILO - San Enrique,3039
3040   ILOILO - San Joaquin,3040
3041   ILOILO - San Miguel,3041
3042   ILOILO - San Rafael,3042
3043   ILOILO - Santa Barbara,3043
3044   ILOILO - Sara,3044
3045   ILOILO - Tigbauan,3045
3046   ILOILO - Tubungan,3046
3047   ILOILO - Zarraga,3047
3101   ISABELA - Alicia,3101
3102   ISABELA - Angadanan,3102
3103   ISABELA - Aurora,3103
3104   ISABELA - Benito Soliven,3104
3105   ISABELA - Burgos,3105
3106   ISABELA - Cabagan,3106
3107   ISABELA - Cabatuan,3107
3108   ISABELA - City of Cauayan,3108
3109   ISABELA - Cordon,3109
3110   ISABELA - Dinapigue,3110
3111   ISABELA - Divilacan,3111
3112   ISABELA - Echague,3112
3113   ISABELA - Gamu,3113
3114   ISABELA - City of Ilagan (Capital),3114
3115   ISABELA - Jones,3115
3116   ISABELA - Luna,3116
3117   ISABELA - Maconacon,3117
3118   ISABELA - Delfin Albano (Magsaysay),3118
3119   ISABELA - Mallig,3119
3120   ISABELA - Naguilian,3120
3121   ISABELA - Palanan,3121
3122   ISABELA - Quezon,3122
3123   ISABELA - Quirino,3123
3124   ISABELA - Ramon,3124
3125   ISABELA - Reina Mercedes,3125
3126   ISABELA - Roxas,3126
3127   ISABELA - San Agustin,3127
3128   ISABELA - San Guillermo,3128
3129   ISABELA - San Isidro,3129
3130   ISABELA - San Manuel,3130
3131   ISABELA - San Mariano,3131
3132   ISABELA - San Mateo,3132
3133   ISABELA - San Pablo,3133
3134   ISABELA - Santa Maria,3134
3135   ISABELA - City of Santiago,3135
3136   ISABELA - Santo Tomas,3136
3137   ISABELA - Tumauini,3137
3201   KALINGA - Balbalan,3201
3206   KALINGA - Lubuagan,3206
3208   KALINGA - Pasil,3208
3209   KALINGA - Pinukpuk,3209
3211   KALINGA - Rizal (Liwan),3211
3213   KALINGA - City of Tabuk (Capital),3213
3214   KALINGA - Tanudan,3214
3215   KALINGA - Tinglayan,3215
3301   LA UNION - Agoo,3301
3302   LA UNION - Aringay,3302
3303   LA UNION - Bacnotan,3303
3304   LA UNION - Bagulin,3304
3305   LA UNION - Balaoan,3305
3306   LA UNION - Bangar,3306
3307   LA UNION - Bauang,3307
3308   LA UNION - Burgos,3308
3309   LA UNION - Caba,3309
3310   LA UNION - Luna,3310
3311   LA UNION - Naguilian,3311
3312   LA UNION - Pugo,3312
3313   LA UNION - Rosario,3313
3314   LA UNION - City of San Fernando (Capital),3314
3315   LA UNION - San Gabriel,3315
3316   LA UNION - San Juan,3316
3317   LA UNION - Santo Tomas,3317
3318   LA UNION - Santol,3318
3319   LA UNION - Sudipen,3319
3320   LA UNION - Tubao,3320
3401   LAGUNA - Alaminos,3401
3402   LAGUNA - Bay,3402
3403   LAGUNA - City of Biñan,3403
3404   LAGUNA - City of Cabuyao,3404
3405   LAGUNA - City of Calamba,3405
3406   LAGUNA - Calauan,3406
3407   LAGUNA - Cavinti,3407
3408   LAGUNA - Famy,3408
3409   LAGUNA - Kalayaan,3409
3410   LAGUNA - Liliw,3410
3411   LAGUNA - Los Baños,3411
3412   LAGUNA - Luisiana,3412
3413   LAGUNA - Lumban,3413
3414   LAGUNA - Mabitac,3414
3415   LAGUNA - Magdalena,3415
3416   LAGUNA - Majayjay,3416
3417   LAGUNA - Nagcarlan,3417
3418   LAGUNA - Paete,3418
3419   LAGUNA - Pagsanjan,3419
3420   LAGUNA - Pakil,3420
3421   LAGUNA - Pangil,3421
3422   LAGUNA - Pila,3422
3423   LAGUNA - Rizal,3423
3424   LAGUNA - City of San Pablo,3424
3425   LAGUNA - City of San Pedro,3425
3426   LAGUNA - Santa Cruz (Capital),3426
3427   LAGUNA - Santa Maria,3427
3428   LAGUNA - City of Santa Rosa,3428
3429   LAGUNA - Siniloan,3429
3430   LAGUNA - Victoria,3430
3501   LANAO DEL NORTE - Bacolod,3501
3502   LANAO DEL NORTE - Baloi,3502
3503   LANAO DEL NORTE - Baroy,3503
3504   LANAO DEL NORTE - City of Iligan,3504
3505   LANAO DEL NORTE - Kapatagan,3505
3506   LANAO DEL NORTE - Sultan Naga Dimaporo (Karomatan),3506
3507   LANAO DEL NORTE - Kauswagan,3507
3508   LANAO DEL NORTE - Kolambugan,3508
3509   LANAO DEL NORTE - Lala,3509
3510   LANAO DEL NORTE - Linamon,3510
3511   LANAO DEL NORTE - Magsaysay,3511
3512   LANAO DEL NORTE - Maigo,3512
3513   LANAO DEL NORTE - Matungao,3513
3514   LANAO DEL NORTE - Munai,3514
3515   LANAO DEL NORTE - Nunungan,3515
3516   LANAO DEL NORTE - Pantao Ragat,3516
3517   LANAO DEL NORTE - Poona Piagapo,3517
3518   LANAO DEL NORTE - Salvador,3518
3519   LANAO DEL NORTE - Sapad,3519
3520   LANAO DEL NORTE - Tagoloan,3520
3521   LANAO DEL NORTE - Tangcal,3521
3522   LANAO DEL NORTE - Tubod (Capital),3522
3523   LANAO DEL NORTE - Pantar,3523
3601   LANAO DEL SUR - Bacolod-Kalawi (Bacolod Grande),3601
3602   LANAO DEL SUR - Balabagan,3602
3603   LANAO DEL SUR - Balindong (Watu),3603
3604   LANAO DEL SUR - Bayang,3604
3605   LANAO DEL SUR - Binidayan,3605
3606   LANAO DEL SUR - Bubong,3606
3607   LANAO DEL SUR - Butig,3607
3609   LANAO DEL SUR - Ganassi,3609
3610   LANAO DEL SUR - Kapai,3610
3611   LANAO DEL SUR - Lumba-Bayabao (Maguing),3611
3612   LANAO DEL SUR - Lumbatan,3612
3613   LANAO DEL SUR - Madalum,3613
3614   LANAO DEL SUR - Madamba,3614
3615   LANAO DEL SUR - Malabang,3615
3616   LANAO DEL SUR - Marantao,3616
3617   LANAO DEL SUR - City of Marawi (Capital),3617
3618   LANAO DEL SUR - Masiu,3618
3619   LANAO DEL SUR - Mulondo,3619
3620   LANAO DEL SUR - Pagayawan (Tatarikan),3620
3621   LANAO DEL SUR - Piagapo,3621
3622   LANAO DEL SUR - Poona Bayabao (Gata),3622
3623   LANAO DEL SUR - Pualas,3623
3624   LANAO DEL SUR - Ditsaan-Ramain,3624
3625   LANAO DEL SUR - Saguiaran,3625
3626   LANAO DEL SUR - Tamparan,3626
3627   LANAO DEL SUR - Taraka,3627
3628   LANAO DEL SUR - Tubaran,3628
3629   LANAO DEL SUR - Tugaya,3629
3630   LANAO DEL SUR - Wao,3630
3631   LANAO DEL SUR - Marogong,3631
3632   LANAO DEL SUR - Calanogas,3632
3633   LANAO DEL SUR - Buadiposo-Buntong,3633
3634   LANAO DEL SUR - Maguing,3634
3635   LANAO DEL SUR - Picong (Sultan Gumander),3635
3636   LANAO DEL SUR - Lumbayanague,3636
3637   LANAO DEL SUR - Amai Manabilang (Bumbaran),3637
3638   LANAO DEL SUR - Tagoloan Ii,3638
3639   LANAO DEL SUR - Kapatagan,3639
3640   LANAO DEL SUR - Sultan Dumalondong,3640
3641   LANAO DEL SUR - Lumbaca-Unayan,3641
3701   LEYTE - Abuyog,3701
3702   LEYTE - Alangalang,3702
3703   LEYTE - Albuera,3703
3705   LEYTE - Babatngon,3705
3706   LEYTE - Barugo,3706
3707   LEYTE - Bato,3707
3708   LEYTE - City of Baybay,3708
3710   LEYTE - Burauen,3710
3713   LEYTE - Calubian,3713
3714   LEYTE - Capoocan,3714
3715   LEYTE - Carigara,3715
3717   LEYTE - Dagami,3717
3718   LEYTE - Dulag,3718
3719   LEYTE - Hilongos,3719
3720   LEYTE - Hindang,3720
3721   LEYTE - Inopacan,3721
3722   LEYTE - Isabel,3722
3723   LEYTE - Jaro,3723
3724   LEYTE - Javier (Bugho),3724
3725   LEYTE - Julita,3725
3726   LEYTE - Kananga,3726
3728   LEYTE - La Paz,3728
3729   LEYTE - Leyte,3729
3730   LEYTE - Macarthur,3730
3731   LEYTE - Mahaplag,3731
3733   LEYTE - Matag-Ob,3733
3734   LEYTE - Matalom,3734
3735   LEYTE - Mayorga,3735
3736   LEYTE - Merida,3736
3738   LEYTE - Ormoc City,3738
3739   LEYTE - Palo,3739
3740   LEYTE - Palompon,3740
3741   LEYTE - Pastrana,3741
3742   LEYTE - San Isidro,3742
3743   LEYTE - San Miguel,3743
3744   LEYTE - Santa Fe,3744
3745   LEYTE - Tabango,3745
3746   LEYTE - Tabontabon,3746
3747   LEYTE - City of Tacloban (Capital),3747
3748   LEYTE - Tanauan,3748
3749   LEYTE - Tolosa,3749
3750   LEYTE - Tunga,3750
3751   LEYTE - Villaba,3751
3801   MAGUINDANAO - Ampatuan,3801
3802   MAGUINDANAO - Buldon,3802
3803   MAGUINDANAO - Buluan,3803
3805   MAGUINDANAO - Datu Paglas,3805
3806   MAGUINDANAO - Datu Piang,3806
3807   MAGUINDANAO - Datu Odin Sinsuat (Dinaig),3807
3808   MAGUINDANAO - Shariff Aguak (Capital) (Maganoy),3808
3809   MAGUINDANAO - Matanog,3809
3810   MAGUINDANAO - Pagalungan,3810
3811   MAGUINDANAO - Parang,3811
3812   MAGUINDANAO - Sultan Kudarat (Nuling),3812
3813   MAGUINDANAO - Sultan Sa Barongis (Lambayong),3813
3814   MAGUINDANAO - Kabuntalan (Tumbao),3814
3815   MAGUINDANAO - Upi,3815
3816   MAGUINDANAO - Talayan,3816
3817   MAGUINDANAO - South Upi,3817
3818   MAGUINDANAO - Barira,3818
3819   MAGUINDANAO - Gen. S.K. Pendatun,3819
3820   MAGUINDANAO - Mamasapano,3820
3821   MAGUINDANAO - Talitay,3821
3822   MAGUINDANAO - Pagagawan,3822
3823   MAGUINDANAO - Paglat,3823
3824   MAGUINDANAO - Sultan Mastura,3824
3825   MAGUINDANAO - Guindulungan,3825
3826   MAGUINDANAO - Datu Saudi-Ampatuan,3826
3827   MAGUINDANAO - Datu Unsay,3827
3828   MAGUINDANAO - Datu Abdullah Sangki,3828
3829   MAGUINDANAO - Rajah Buayan,3829
3830   MAGUINDANAO - Datu Blah T. Sinsuat,3830
3831   MAGUINDANAO - Datu Anggal Midtimbang,3831
3832   MAGUINDANAO - Mangudadatu,3832
3833   MAGUINDANAO - Pandag,3833
3834   MAGUINDANAO - Northern Kabuntalan,3834
3835   MAGUINDANAO - Datu Hoffer Ampatuan,3835
3836   MAGUINDANAO - Datu Salibo,3836
3837   MAGUINDANAO - Shariff Saydona Mustapha,3837
3901   City of Manila - Tondo I/II,3901
3902   City of Manila - Binondo,3902
3903   City of Manila - Quiapo,3903
3904   City of Manila - San Nicolas,3904
3905   City of Manila - Santa Cruz,3905
3906   City of Manila - Sampaloc,3906
3907   City of Manila - San Miguel,3907
3908   City of Manila - Ermita,3908
3909   City of Manila - Intramuros,3909
3910   City of Manila - Malate,3910
3911   City of Manila - Paco,3911
3912   City of Manila - Pandacan,3912
3913   City of Manila - Port Area,3913
3914   City of Manila - Santa Ana,3914
4001   MARINDUQUE - Boac (Capital),4001
4002   MARINDUQUE - Buenavista,4002
4003   MARINDUQUE - Gasan,4003
4004   MARINDUQUE - Mogpog,4004
4005   MARINDUQUE - Santa Cruz,4005
4006   MARINDUQUE - Torrijos,4006
4101   MASBATE - Aroroy,4101
4102   MASBATE - Baleno,4102
4103   MASBATE - Balud,4103
4104   MASBATE - Batuan,4104
4105   MASBATE - Cataingan,4105
4106   MASBATE - Cawayan,4106
4107   MASBATE - Claveria,4107
4108   MASBATE - Dimasalang,4108
4109   MASBATE - Esperanza,4109
4110   MASBATE - Mandaon,4110
4111   MASBATE - City of Masbate (Capital),4111
4112   MASBATE - Milagros,4112
4113   MASBATE - Mobo,4113
4114   MASBATE - Monreal,4114
4115   MASBATE - Palanas,4115
4116   MASBATE - Pio V. Corpuz (Limbuhan),4116
4117   MASBATE - Placer,4117
4118   MASBATE - San Fernando,4118
4119   MASBATE - San Jacinto,4119
4120   MASBATE - San Pascual,4120
4121   MASBATE - Uson,4121
4201   MISAMIS OCCIDENTAL - Aloran,4201
4202   MISAMIS OCCIDENTAL - Baliangao,4202
4203   MISAMIS OCCIDENTAL - Bonifacio,4203
4204   MISAMIS OCCIDENTAL - Calamba,4204
4205   MISAMIS OCCIDENTAL - Clarin,4205
4206   MISAMIS OCCIDENTAL - Concepcion,4206
4207   MISAMIS OCCIDENTAL - Jimenez,4207
4208   MISAMIS OCCIDENTAL - Lopez Jaena,4208
4209   MISAMIS OCCIDENTAL - City of Oroquieta (Capital),4209
4210   MISAMIS OCCIDENTAL - City of Ozamiz,4210
4211   MISAMIS OCCIDENTAL - Panaon,4211
4212   MISAMIS OCCIDENTAL - Plaridel,4212
4213   MISAMIS OCCIDENTAL - Sapang Dalaga,4213
4214   MISAMIS OCCIDENTAL - Sinacaban,4214
4215   MISAMIS OCCIDENTAL - City of Tangub,4215
4216   MISAMIS OCCIDENTAL - Tudela,4216
4217   MISAMIS OCCIDENTAL - Don Victoriano Chiongbian (Don Mariano Marcos),4217
4301   MISAMIS ORIENTAL - Alubijid,4301
4302   MISAMIS ORIENTAL - Balingasag,4302
4303   MISAMIS ORIENTAL - Balingoan,4303
4304   MISAMIS ORIENTAL - Binuangan,4304
4305   MISAMIS ORIENTAL - City of Cagayan De Oro (Capital),4305
4306   MISAMIS ORIENTAL - Claveria,4306
4307   MISAMIS ORIENTAL - City of El Salvador,4307
4308   MISAMIS ORIENTAL - City of Gingoog,4308
4309   MISAMIS ORIENTAL - Gitagum,4309
4310   MISAMIS ORIENTAL - Initao,4310
4311   MISAMIS ORIENTAL - Jasaan,4311
4312   MISAMIS ORIENTAL - Kinoguitan,4312
4313   MISAMIS ORIENTAL - Lagonglong,4313
4314   MISAMIS ORIENTAL - Laguindingan,4314
4315   MISAMIS ORIENTAL - Libertad,4315
4316   MISAMIS ORIENTAL - Lugait,4316
4317   MISAMIS ORIENTAL - Magsaysay (Linugos),4317
4318   MISAMIS ORIENTAL - Manticao,4318
4319   MISAMIS ORIENTAL - Medina,4319
4320   MISAMIS ORIENTAL - Naawan,4320
4321   MISAMIS ORIENTAL - Opol,4321
4322   MISAMIS ORIENTAL - Salay,4322
4323   MISAMIS ORIENTAL - Sugbongcogon,4323
4324   MISAMIS ORIENTAL - Tagoloan,4324
4325   MISAMIS ORIENTAL - Talisayan,4325
4326   MISAMIS ORIENTAL - Villanueva,4326
4401   MOUNTAIN PROVINCE - Barlig,4401
4402   MOUNTAIN PROVINCE - Bauko,4402
4403   MOUNTAIN PROVINCE - Besao,4403
4404   MOUNTAIN PROVINCE - Bontoc (Capital),4404
4405   MOUNTAIN PROVINCE - Natonin,4405
4406   MOUNTAIN PROVINCE - Paracelis,4406
4407   MOUNTAIN PROVINCE - Sabangan,4407
4408   MOUNTAIN PROVINCE - Sadanga,4408
4409   MOUNTAIN PROVINCE - Sagada,4409
4410   MOUNTAIN PROVINCE - Tadian,4410
4501   NEGROS OCCIDENTAL - City of Bacolod (Capital),4501
4502   NEGROS OCCIDENTAL - City of Bago,4502
4503   NEGROS OCCIDENTAL - Binalbagan,4503
4504   NEGROS OCCIDENTAL - City of Cadiz,4504
4505   NEGROS OCCIDENTAL - Calatrava,4505
4506   NEGROS OCCIDENTAL - Candoni,4506
4507   NEGROS OCCIDENTAL - Cauayan,4507
4508   NEGROS OCCIDENTAL - Enrique B. Magalona (Saravia),4508
4509   NEGROS OCCIDENTAL - City of Escalante,4509
4510   NEGROS OCCIDENTAL - City of Himamaylan,4510
4511   NEGROS OCCIDENTAL - Hinigaran,4511
4512   NEGROS OCCIDENTAL - Hinoba-an (Asia),4512
4513   NEGROS OCCIDENTAL - Ilog,4513
4514   NEGROS OCCIDENTAL - Isabela,4514
4515   NEGROS OCCIDENTAL - City of Kabankalan,4515
4516   NEGROS OCCIDENTAL - City of La Carlota,4516
4517   NEGROS OCCIDENTAL - La Castellana,4517
4518   NEGROS OCCIDENTAL - Manapla,4518
4519   NEGROS OCCIDENTAL - Moises Padilla (Magallon),4519
4520   NEGROS OCCIDENTAL - Murcia,4520
4521   NEGROS OCCIDENTAL - Pontevedra,4521
4522   NEGROS OCCIDENTAL - Pulupandan,4522
4523   NEGROS OCCIDENTAL - City of Sagay,4523
4524   NEGROS OCCIDENTAL - City of San Carlos,4524
4525   NEGROS OCCIDENTAL - San Enrique,4525
4526   NEGROS OCCIDENTAL - City of Silay,4526
4527   NEGROS OCCIDENTAL - City of Sipalay,4527
4528   NEGROS OCCIDENTAL - City of Talisay,4528
4529   NEGROS OCCIDENTAL - Toboso,4529
4530   NEGROS OCCIDENTAL - Valladolid,4530
4531   NEGROS OCCIDENTAL - City of Victorias,4531
4532   NEGROS OCCIDENTAL - Salvador Benedicto,4532
4601   NEGROS ORIENTAL - Amlan (Ayuquitan),4601
4602   NEGROS ORIENTAL - Ayungon,4602
4603   NEGROS ORIENTAL - Bacong,4603
4604   NEGROS ORIENTAL - City of Bais,4604
4605   NEGROS ORIENTAL - Basay,4605
4606   NEGROS ORIENTAL - City of Bayawan (Tulong),4606
4607   NEGROS ORIENTAL - Bindoy (Payabon),4607
4608   NEGROS ORIENTAL - City of Canlaon,4608
4609   NEGROS ORIENTAL - Dauin,4609
4610   NEGROS ORIENTAL - City of Dumaguete (Capital),4610
4611   NEGROS ORIENTAL - City of Guihulngan,4611
4612   NEGROS ORIENTAL - Jimalalud,4612
4613   NEGROS ORIENTAL - La Libertad,4613
4614   NEGROS ORIENTAL - Mabinay,4614
4615   NEGROS ORIENTAL - Manjuyod,4615
4616   NEGROS ORIENTAL - Pamplona,4616
4617   NEGROS ORIENTAL - San Jose,4617
4618   NEGROS ORIENTAL - Santa Catalina,4618
4619   NEGROS ORIENTAL - Siaton,4619
4620   NEGROS ORIENTAL - Sibulan,4620
4621   NEGROS ORIENTAL - City of Tanjay,4621
4622   NEGROS ORIENTAL - Tayasan,4622
4623   NEGROS ORIENTAL - Valencia (Luzurriaga),4623
4624   NEGROS ORIENTAL - Vallehermoso,4624
4625   NEGROS ORIENTAL - Zamboanguita,4625
4701   NORTH COTABATO - Alamada,4701
4702   NORTH COTABATO - Carmen,4702
4703   NORTH COTABATO - Kabacan,4703
4704   NORTH COTABATO - City of Kidapawan (Capital),4704
4705   NORTH COTABATO - Libungan,4705
4706   NORTH COTABATO - Magpet,4706
4707   NORTH COTABATO - Makilala,4707
4708   NORTH COTABATO - Matalam,4708
4709   NORTH COTABATO - Midsayap,4709
4710   NORTH COTABATO - M'Lang,4710
4711   NORTH COTABATO - Pigkawayan,4711
4712   NORTH COTABATO - Pikit,4712
4713   NORTH COTABATO - President Roxas,4713
4714   NORTH COTABATO - Tulunan,4714
4715   NORTH COTABATO - Antipas,4715
4716   NORTH COTABATO - Banisilan,4716
4717   NORTH COTABATO - Aleosan,4717
4718   NORTH COTABATO - Arakan,4718
4801   NORTHERN SAMAR - Allen,4801
4802   NORTHERN SAMAR - Biri,4802
4803   NORTHERN SAMAR - Bobon,4803
4804   NORTHERN SAMAR - Capul,4804
4805   NORTHERN SAMAR - Catarman (Capital),4805
4806   NORTHERN SAMAR - Catubig,4806
4807   NORTHERN SAMAR - Gamay,4807
4808   NORTHERN SAMAR - Laoang,4808
4809   NORTHERN SAMAR - Lapinig,4809
4810   NORTHERN SAMAR - Las Navas,4810
4811   NORTHERN SAMAR - Lavezares,4811
4812   NORTHERN SAMAR - Mapanas,4812
4813   NORTHERN SAMAR - Mondragon,4813
4814   NORTHERN SAMAR - Palapag,4814
4815   NORTHERN SAMAR - Pambujan,4815
4816   NORTHERN SAMAR - Rosario,4816
4817   NORTHERN SAMAR - San Antonio,4817
4818   NORTHERN SAMAR - San Isidro,4818
4819   NORTHERN SAMAR - San Jose,4819
4820   NORTHERN SAMAR - San Roque,4820
4821   NORTHERN SAMAR - San Vicente,4821
4822   NORTHERN SAMAR - Silvino Lobos,4822
4823   NORTHERN SAMAR - Victoria,4823
4824   NORTHERN SAMAR - Lope De Vega,4824
4901   NUEVA ECIJA - Aliaga,4901
4902   NUEVA ECIJA - Bongabon,4902
4903   NUEVA ECIJA - City of Cabanatuan,4903
4904   NUEVA ECIJA - Cabiao,4904
4905   NUEVA ECIJA - Carranglan,4905
4906   NUEVA ECIJA - Cuyapo,4906
4907   NUEVA ECIJA - Gabaldon (Bitulok & Sabani),4907
4908   NUEVA ECIJA - City of Gapan,4908
4909   NUEVA ECIJA - General Mamerto Natividad,4909
4910   NUEVA ECIJA - General Tinio (Papaya),4910
4911   NUEVA ECIJA - Guimba,4911
4912   NUEVA ECIJA - Jaen,4912
4913   NUEVA ECIJA - Laur,4913
4914   NUEVA ECIJA - Licab,4914
4915   NUEVA ECIJA - Llanera,4915
4916   NUEVA ECIJA - Lupao,4916
4917   NUEVA ECIJA - Science City of Muñoz,4917
4918   NUEVA ECIJA - Nampicuan,4918
4919   NUEVA ECIJA - City of Palayan (Capital),4919
4920   NUEVA ECIJA - Pantabangan,4920
4921   NUEVA ECIJA - Peñaranda,4921
4922   NUEVA ECIJA - Quezon,4922
4923   NUEVA ECIJA - Rizal,4923
4924   NUEVA ECIJA - San Antonio,4924
4925   NUEVA ECIJA - San Isidro,4925
4926   NUEVA ECIJA - San Jose City,4926
4927   NUEVA ECIJA - San Leonardo,4927
4928   NUEVA ECIJA - Santa Rosa,4928
4929   NUEVA ECIJA - Santo Domingo,4929
4930   NUEVA ECIJA - Talavera,4930
4931   NUEVA ECIJA - Talugtug,4931
4932   NUEVA ECIJA - Zaragoza,4932
5001   NUEVA VIZCAYA - Ambaguio,5001
5002   NUEVA VIZCAYA - Aritao,5002
5003   NUEVA VIZCAYA - Bagabag,5003
5004   NUEVA VIZCAYA - Bambang,5004
5005   NUEVA VIZCAYA - Bayombong (Capital),5005
5006   NUEVA VIZCAYA - Diadi,5006
5007   NUEVA VIZCAYA - Dupax del Norte,5007
5008   NUEVA VIZCAYA - Dupax del Sur,5008
5009   NUEVA VIZCAYA - Kasibu,5009
5010   NUEVA VIZCAYA - Kayapa,5010
5011   NUEVA VIZCAYA - Quezon,5011
5012   NUEVA VIZCAYA - Santa Fe,5012
5013   NUEVA VIZCAYA - Solano,5013
5014   NUEVA VIZCAYA - Villaverde,5014
5015   NUEVA VIZCAYA - Alfonso Castaneda,5015
5101   OCCIDENTAL MINDORO - Abra De Ilog,5101
5102   OCCIDENTAL MINDORO - Calintaan,5102
5103   OCCIDENTAL MINDORO - Looc,5103
5104   OCCIDENTAL MINDORO - Lubang,5104
5105   OCCIDENTAL MINDORO - Magsaysay,5105
5106   OCCIDENTAL MINDORO - Mamburao (Capital),5106
5107   OCCIDENTAL MINDORO - Paluan,5107
5108   OCCIDENTAL MINDORO - Rizal,5108
5109   OCCIDENTAL MINDORO - Sablayan,5109
5110   OCCIDENTAL MINDORO - San Jose,5110
5111   OCCIDENTAL MINDORO - Santa Cruz,5111
5201   ORIENTAL MINDORO - Baco,5201
5202   ORIENTAL MINDORO - Bansud,5202
5203   ORIENTAL MINDORO - Bongabong,5203
5204   ORIENTAL MINDORO - Bulalacao (San Pedro),5204
5205   ORIENTAL MINDORO - City of Calapan (Capital),5205
5206   ORIENTAL MINDORO - Gloria,5206
5207   ORIENTAL MINDORO - Mansalay,5207
5208   ORIENTAL MINDORO - Naujan,5208
5209   ORIENTAL MINDORO - Pinamalayan,5209
5210   ORIENTAL MINDORO - Pola,5210
5211   ORIENTAL MINDORO - Puerto Galera,5211
5212   ORIENTAL MINDORO - Roxas,5212
5213   ORIENTAL MINDORO - San Teodoro,5213
5214   ORIENTAL MINDORO - Socorro,5214
5215   ORIENTAL MINDORO - Victoria,5215
5301   PALAWAN - Aborlan,5301
5302   PALAWAN - Agutaya,5302
5303   PALAWAN - Araceli,5303
5304   PALAWAN - Balabac,5304
5305   PALAWAN - Bataraza,5305
5306   PALAWAN - Brooke'S Point,5306
5307   PALAWAN - Busuanga,5307
5308   PALAWAN - Cagayancillo,5308
5309   PALAWAN - Coron,5309
5310   PALAWAN - Cuyo,5310
5311   PALAWAN - Dumaran,5311
5312   PALAWAN - El Nido (Bacuit),5312
5313   PALAWAN - Linapacan,5313
5314   PALAWAN - Magsaysay,5314
5315   PALAWAN - Narra,5315
5316   PALAWAN - City of Puerto Princesa (Capital),5316
5317   PALAWAN - Quezon,5317
5318   PALAWAN - Roxas,5318
5319   PALAWAN - San Vicente,5319
5320   PALAWAN - Taytay,5320
5321   PALAWAN - Kalayaan,5321
5322   PALAWAN - Culion,5322
5323   PALAWAN - Rizal (Marcos),5323
5324   PALAWAN - Sofronio Española,5324
5401   PAMPANGA - City of Angeles,5401
5402   PAMPANGA - Apalit,5402
5403   PAMPANGA - Arayat,5403
5404   PAMPANGA - Bacolor,5404
5405   PAMPANGA - Candaba,5405
5406   PAMPANGA - Floridablanca,5406
5407   PAMPANGA - Guagua,5407
5408   PAMPANGA - Lubao,5408
5409   PAMPANGA - Mabalacat City,5409
5410   PAMPANGA - Macabebe,5410
5411   PAMPANGA - Magalang,5411
5412   PAMPANGA - Masantol,5412
5413   PAMPANGA - Mexico,5413
5414   PAMPANGA - Minalin,5414
5415   PAMPANGA - Porac,5415
5416   PAMPANGA - City of San Fernando (Capital),5416
5417   PAMPANGA - San Luis,5417
5418   PAMPANGA - San Simon,5418
5419   PAMPANGA - Santa Ana,5419
5420   PAMPANGA - Santa Rita,5420
5421   PAMPANGA - Santo Tomas,5421
5422   PAMPANGA - Sasmuan (Sexmoan),5422
5501   PANGASINAN - Agno,5501
5502   PANGASINAN - Aguilar,5502
5503   PANGASINAN - City of Alaminos,5503
5504   PANGASINAN - Alcala,5504
5505   PANGASINAN - Anda,5505
5506   PANGASINAN - Asingan,5506
5507   PANGASINAN - Balungao,5507
5508   PANGASINAN - Bani,5508
5509   PANGASINAN - Basista,5509
5510   PANGASINAN - Bautista,5510
5511   PANGASINAN - Bayambang,5511
5512   PANGASINAN - Binalonan,5512
5513   PANGASINAN - Binmaley,5513
5514   PANGASINAN - Bolinao,5514
5515   PANGASINAN - Bugallon,5515
5516   PANGASINAN - Burgos,5516
5517   PANGASINAN - Calasiao,5517
5518   PANGASINAN - City of Dagupan,5518
5519   PANGASINAN - Dasol,5519
5520   PANGASINAN - Infanta,5520
5521   PANGASINAN - Labrador,5521
5522   PANGASINAN - Lingayen (Capital),5522
5523   PANGASINAN - Mabini,5523
5524   PANGASINAN - Malasiqui,5524
5525   PANGASINAN - Manaoag,5525
5526   PANGASINAN - Mangaldan,5526
5527   PANGASINAN - Mangatarem,5527
5528   PANGASINAN - Mapandan,5528
5529   PANGASINAN - Natividad,5529
5530   PANGASINAN - Pozorrubio,5530
5531   PANGASINAN - Rosales,5531
5532   PANGASINAN - City of San Carlos,5532
5533   PANGASINAN - San Fabian,5533
5534   PANGASINAN - San Jacinto,5534
5535   PANGASINAN - San Manuel,5535
5536   PANGASINAN - San Nicolas,5536
5537   PANGASINAN - San Quintin,5537
5538   PANGASINAN - Santa Barbara,5538
5539   PANGASINAN - Santa Maria,5539
5540   PANGASINAN - Santo Tomas,5540
5541   PANGASINAN - Sison,5541
5542   PANGASINAN - Sual,5542
5543   PANGASINAN - Tayug,5543
5544   PANGASINAN - Umingan,5544
5545   PANGASINAN - Urbiztondo,5545
5546   PANGASINAN - City of Urdaneta,5546
5547   PANGASINAN - Villasis,5547
5548   PANGASINAN - Laoac,5548
5601   QUEZON - Agdangan,5601
5602   QUEZON - Alabat,5602
5603   QUEZON - Atimonan,5603
5605   QUEZON - Buenavista,5605
5606   QUEZON - Burdeos,5606
5607   QUEZON - Calauag,5607
5608   QUEZON - Candelaria,5608
5610   QUEZON - Catanauan,5610
5615   QUEZON - Dolores,5615
5616   QUEZON - General Luna,5616
5617   QUEZON - General Nakar,5617
5618   QUEZON - Guinayangan,5618
5619   QUEZON - Gumaca,5619
5620   QUEZON - Infanta,5620
5621   QUEZON - Jomalig,5621
5622   QUEZON - Lopez,5622
5623   QUEZON - Lucban,5623
5624   QUEZON - City of Lucena (Capital),5624
5625   QUEZON - Macalelon,5625
5627   QUEZON - Mauban,5627
5628   QUEZON - Mulanay,5628
5629   QUEZON - Padre Burgos,5629
5630   QUEZON - Pagbilao,5630
5631   QUEZON - Panukulan,5631
5632   QUEZON - Patnanungan,5632
5633   QUEZON - Perez,5633
5634   QUEZON - Pitogo,5634
5635   QUEZON - Plaridel,5635
5636   QUEZON - Polillo,5636
5637   QUEZON - Quezon,5637
5638   QUEZON - Real,5638
5639   QUEZON - Sampaloc,5639
5640   QUEZON - San Andres,5640
5641   QUEZON - San Antonio,5641
5642   QUEZON - San Francisco (Aurora),5642
5644   QUEZON - San Narciso,5644
5645   QUEZON - Sariaya,5645
5646   QUEZON - Tagkawayan,5646
5647   QUEZON - City of Tayabas,5647
5648   QUEZON - Tiaong,5648
5649   QUEZON - Unisan,5649
5701   QUIRINO - Aglipay,5701
5702   QUIRINO - Cabarroguis (Capital),5702
5703   QUIRINO - Diffun,5703
5704   QUIRINO - Maddela,5704
5705   QUIRINO - Saguday,5705
5706   QUIRINO - Nagtipunan,5706
5801   RIZAL - Angono,5801
5802   RIZAL - City of Antipolo (Capital),5802
5803   RIZAL - Baras,5803
5804   RIZAL - Binangonan,5804
5805   RIZAL - Cainta,5805
5806   RIZAL - Cardona,5806
5807   RIZAL - Jala-Jala,5807
5808   RIZAL - Rodriguez (Montalban),5808
5809   RIZAL - Morong,5809
5810   RIZAL - Pililla,5810
5811   RIZAL - San Mateo,5811
5812   RIZAL - Tanay,5812
5813   RIZAL - Taytay,5813
5814   RIZAL - Teresa,5814
5901   ROMBLON    - Alcantara,5901
5902   ROMBLON    - Banton,5902
5903   ROMBLON    - Cajidiocan,5903
5904   ROMBLON    - Calatrava,5904
5905   ROMBLON    - Concepcion,5905
5906   ROMBLON    - Corcuera,5906
5907   ROMBLON    - Looc,5907
5908   ROMBLON    - Magdiwang,5908
5909   ROMBLON    - Odiongan,5909
5910   ROMBLON    - Romblon (Capital),5910
5911   ROMBLON    - San Agustin,5911
5912   ROMBLON    - San Andres,5912
5913   ROMBLON    - San Fernando,5913
5914   ROMBLON    - San Jose,5914
5915   ROMBLON    - Santa Fe,5915
5916   ROMBLON    - Ferrol,5916
5917   ROMBLON    - Santa Maria (Imelda),5917
6001   SAMAR (WESTERN SAMAR) - Almagro,6001
6002   SAMAR (WESTERN SAMAR) - Basey,6002
6003   SAMAR (WESTERN SAMAR) - City of Calbayog,6003
6004   SAMAR (WESTERN SAMAR) - Calbiga,6004
6005   SAMAR (WESTERN SAMAR) - City of Catbalogan (Capital),6005
6006   SAMAR (WESTERN SAMAR) - Daram,6006
6007   SAMAR (WESTERN SAMAR) - Gandara,6007
6008   SAMAR (WESTERN SAMAR) - Hinabangan,6008
6009   SAMAR (WESTERN SAMAR) - Jiabong,6009
6010   SAMAR (WESTERN SAMAR) - Marabut,6010
6011   SAMAR (WESTERN SAMAR) - Matuguinao,6011
6012   SAMAR (WESTERN SAMAR) - Motiong,6012
6013   SAMAR (WESTERN SAMAR) - Pinabacdao,6013
6014   SAMAR (WESTERN SAMAR) - San Jose De Buan,6014
6015   SAMAR (WESTERN SAMAR) - San Sebastian,6015
6016   SAMAR (WESTERN SAMAR) - Santa Margarita,6016
6017   SAMAR (WESTERN SAMAR) - Santa Rita,6017
6018   SAMAR (WESTERN SAMAR) - Santo Niño,6018
6019   SAMAR (WESTERN SAMAR) - Talalora,6019
6020   SAMAR (WESTERN SAMAR) - Tarangnan,6020
6021   SAMAR (WESTERN SAMAR) - Villareal,6021
6022   SAMAR (WESTERN SAMAR) - Paranas (Wright),6022
6023   SAMAR (WESTERN SAMAR) - Zumarraga,6023
6024   SAMAR (WESTERN SAMAR) - Tagapul-An,6024
6025   SAMAR (WESTERN SAMAR) - San Jorge,6025
6026   SAMAR (WESTERN SAMAR) - Pagsanghan,6026
6101   SIQUIJOR    - Enrique Villanueva,6101
6102   SIQUIJOR    - Larena,6102
6103   SIQUIJOR    - Lazi,6103
6104   SIQUIJOR    - Maria,6104
6105   SIQUIJOR    - San Juan,6105
6106   SIQUIJOR    - Siquijor (Capital),6106
6202   SORSOGON - Barcelona,6202
6203   SORSOGON - Bulan,6203
6204   SORSOGON - Bulusan,6204
6205   SORSOGON - Casiguran,6205
6206   SORSOGON - Castilla,6206
6207   SORSOGON - Donsol,6207
6208   SORSOGON - Gubat,6208
6209   SORSOGON - Irosin,6209
6210   SORSOGON - Juban,6210
6211   SORSOGON - Magallanes,6211
6212   SORSOGON - Matnog,6212
6213   SORSOGON - Pilar,6213
6214   SORSOGON - Prieto Diaz,6214
6215   SORSOGON - Santa Magdalena,6215
6216   SORSOGON - City of Sorsogon (Capital),6216
6302   SOUTH COTABATO - Banga,6302
6303   SOUTH COTABATO - City of General Santos (Dadiangas),6303
6306   SOUTH COTABATO - City of Koronadal (Capital),6306
6311   SOUTH COTABATO - Norala,6311
6312   SOUTH COTABATO - Polomolok,6312
6313   SOUTH COTABATO - Surallah,6313
6314   SOUTH COTABATO - Tampakan,6314
6315   SOUTH COTABATO - Tantangan,6315
6316   SOUTH COTABATO - T'Boli,6316
6317   SOUTH COTABATO - Tupi,6317
6318   SOUTH COTABATO - Santo Niño,6318
6319   SOUTH COTABATO - Lake Sebu,6319
6401   SOUTHERN LEYTE - Anahawan,6401
6402   SOUTHERN LEYTE - Bontoc,6402
6403   SOUTHERN LEYTE - Hinunangan,6403
6404   SOUTHERN LEYTE - Hinundayan,6404
6405   SOUTHERN LEYTE - Libagon,6405
6406   SOUTHERN LEYTE - Liloan,6406
6407   SOUTHERN LEYTE - City of Maasin (Capital),6407
6408   SOUTHERN LEYTE - Macrohon,6408
6409   SOUTHERN LEYTE - Malitbog,6409
6410   SOUTHERN LEYTE - Padre Burgos,6410
6411   SOUTHERN LEYTE - Pintuyan,6411
6412   SOUTHERN LEYTE - Saint Bernard,6412
6413   SOUTHERN LEYTE - San Francisco,6413
6414   SOUTHERN LEYTE - San Juan (Cabalian),6414
6415   SOUTHERN LEYTE - San Ricardo,6415
6416   SOUTHERN LEYTE - Silago,6416
6417   SOUTHERN LEYTE - Sogod,6417
6418   SOUTHERN LEYTE - Tomas Oppus,6418
6419   SOUTHERN LEYTE - Limasawa,6419
6501   SULTAN KUDARAT - Bagumbayan,6501
6502   SULTAN KUDARAT - Columbio,6502
6503   SULTAN KUDARAT - Esperanza,6503
6504   SULTAN KUDARAT - Isulan (Capital),6504
6505   SULTAN KUDARAT - Kalamansig,6505
6506   SULTAN KUDARAT - Lebak,6506
6507   SULTAN KUDARAT - Lutayan,6507
6508   SULTAN KUDARAT - Lambayong (Mariano Marcos),6508
6509   SULTAN KUDARAT - Palimbang,6509
6510   SULTAN KUDARAT - President Quirino,6510
6511   SULTAN KUDARAT - City of Tacurong,6511
6512   SULTAN KUDARAT - Sen. Ninoy Aquino,6512
6601   SULU - Indanan,6601
6602   SULU - Jolo (Capital),6602
6603   SULU - Kalingalan Caluang,6603
6604   SULU - Luuk,6604
6605   SULU - Maimbung,6605
6606   SULU - Hadji Panglima Tahil (Marunggas),6606
6607   SULU - Old Panamao,6607
6608   SULU - Pangutaran,6608
6609   SULU - Parang,6609
6610   SULU - Pata,6610
6611   SULU - Patikul,6611
6612   SULU - Siasi,6612
6613   SULU - Talipao,6613
6614   SULU - Tapul,6614
6615   SULU - Tongkil,6615
6616   SULU - Panglima Estino (New Panamao),6616
6617   SULU - Lugus,6617
6618   SULU - Pandami,6618
6619   SULU - Omar,6619
6701   SURIGAO DEL NORTE - Alegria,6701
6702   SURIGAO DEL NORTE - Bacuag,6702
6704   SURIGAO DEL NORTE - Burgos,6704
6706   SURIGAO DEL NORTE - Claver,6706
6707   SURIGAO DEL NORTE - Dapa,6707
6708   SURIGAO DEL NORTE - Del Carmen,6708
6710   SURIGAO DEL NORTE - General Luna,6710
6711   SURIGAO DEL NORTE - Gigaquit,6711
6714   SURIGAO DEL NORTE - Mainit,6714
6715   SURIGAO DEL NORTE - Malimono,6715
6716   SURIGAO DEL NORTE - Pilar,6716
6717   SURIGAO DEL NORTE - Placer,6717
6718   SURIGAO DEL NORTE - San Benito,6718
6719   SURIGAO DEL NORTE - San Francisco (Anao-aon),6719
6720   SURIGAO DEL NORTE - San Isidro,6720
6721   SURIGAO DEL NORTE - Santa Monica (Sapao),6721
6722   SURIGAO DEL NORTE - Sison,6722
6723   SURIGAO DEL NORTE - Socorro,6723
6724   SURIGAO DEL NORTE - City of Surigao (Capital),6724
6725   SURIGAO DEL NORTE - Tagana-An,6725
6727   SURIGAO DEL NORTE - Tubod,6727
6801   SURIGAO DEL SUR - Barobo,6801
6802   SURIGAO DEL SUR - Bayabas,6802
6803   SURIGAO DEL SUR - City of Bislig,6803
6804   SURIGAO DEL SUR - Cagwait,6804
6805   SURIGAO DEL SUR - Cantilan,6805
6806   SURIGAO DEL SUR - Carmen,6806
6807   SURIGAO DEL SUR - Carrascal,6807
6808   SURIGAO DEL SUR - Cortes,6808
6809   SURIGAO DEL SUR - Hinatuan,6809
6810   SURIGAO DEL SUR - Lanuza,6810
6811   SURIGAO DEL SUR - Lianga,6811
6812   SURIGAO DEL SUR - Lingig,6812
6813   SURIGAO DEL SUR - Madrid,6813
6814   SURIGAO DEL SUR - Marihatag,6814
6815   SURIGAO DEL SUR - San Agustin,6815
6816   SURIGAO DEL SUR - San Miguel,6816
6817   SURIGAO DEL SUR - Tagbina,6817
6818   SURIGAO DEL SUR - Tago,6818
6819   SURIGAO DEL SUR - City of Tandag (Capital),6819
6901   TARLAC - Anao,6901
6902   TARLAC - Bamban,6902
6903   TARLAC - Camiling,6903
6904   TARLAC - Capas,6904
6905   TARLAC - Concepcion,6905
6906   TARLAC - Gerona,6906
6907   TARLAC - La Paz,6907
6908   TARLAC - Mayantoc,6908
6909   TARLAC - Moncada,6909
6910   TARLAC - Paniqui,6910
6911   TARLAC - Pura,6911
6912   TARLAC - Ramos,6912
6913   TARLAC - San Clemente,6913
6914   TARLAC - San Manuel,6914
6915   TARLAC - Santa Ignacia,6915
6916   TARLAC - City of Tarlac (Capital),6916
6917   TARLAC - Victoria,6917
6918   TARLAC - San Jose,6918
7001   TAWI-TAWI - Panglima Sugala (Balimbing),7001
7002   TAWI-TAWI - Bongao (Capital),7002
7003   TAWI-TAWI - Mapun (Cagayan de Tawi-Tawi),7003
7004   TAWI-TAWI - Simunul,7004
7005   TAWI-TAWI - Sitangkai,7005
7006   TAWI-TAWI - South Ubian,7006
7007   TAWI-TAWI - Tandubas,7007
7008   TAWI-TAWI - Turtle Islands,7008
7009   TAWI-TAWI - Languyan,7009
7010   TAWI-TAWI - Sapa-Sapa,7010
7011   TAWI-TAWI - Sibutu,7011
7101   ZAMBALES - Botolan,7101
7102   ZAMBALES - Cabangan,7102
7103   ZAMBALES - Candelaria,7103
7104   ZAMBALES - Castillejos,7104
7105   ZAMBALES - Iba (Capital),7105
7106   ZAMBALES - Masinloc,7106
7107   ZAMBALES - City of Olongapo,7107
7108   ZAMBALES - Palauig,7108
7109   ZAMBALES - San Antonio,7109
7110   ZAMBALES - San Felipe,7110
7111   ZAMBALES - San Marcelino,7111
7112   ZAMBALES - San Narciso,7112
7113   ZAMBALES - Santa Cruz,7113
7114   ZAMBALES - Subic,7114
7201   ZAMBOANGA DEL NORTE - City of Dapitan,7201
7202   ZAMBOANGA DEL NORTE - City of Dipolog (Capital),7202
7203   ZAMBOANGA DEL NORTE - Katipunan,7203
7204   ZAMBOANGA DEL NORTE - La Libertad,7204
7205   ZAMBOANGA DEL NORTE - Labason,7205
7206   ZAMBOANGA DEL NORTE - Liloy,7206
7207   ZAMBOANGA DEL NORTE - Manukan,7207
7208   ZAMBOANGA DEL NORTE - Mutia,7208
7209   ZAMBOANGA DEL NORTE - Piñan (New Piñan),7209
7210   ZAMBOANGA DEL NORTE - Polanco,7210
7211   ZAMBOANGA DEL NORTE - Pres. Manuel A. Roxas,7211
7212   ZAMBOANGA DEL NORTE - Rizal,7212
7213   ZAMBOANGA DEL NORTE - Salug,7213
7214   ZAMBOANGA DEL NORTE - Sergio Osmeña Sr.,7214
7215   ZAMBOANGA DEL NORTE - Siayan,7215
7216   ZAMBOANGA DEL NORTE - Sibuco,7216
7217   ZAMBOANGA DEL NORTE - Sibutad,7217
7218   ZAMBOANGA DEL NORTE - Sindangan,7218
7219   ZAMBOANGA DEL NORTE - Siocon,7219
7220   ZAMBOANGA DEL NORTE - Sirawai,7220
7221   ZAMBOANGA DEL NORTE - Tampilisan,7221
7222   ZAMBOANGA DEL NORTE - Jose Dalman (Ponot),7222
7223   ZAMBOANGA DEL NORTE - Gutalac,7223
7224   ZAMBOANGA DEL NORTE - Baliguian,7224
7225   ZAMBOANGA DEL NORTE - Godod,7225
7226   ZAMBOANGA DEL NORTE - Bacungan (Leon T. Postigo),7226
7227   ZAMBOANGA DEL NORTE - Kalawit,7227
7302   ZAMBOANGA DEL SUR - Aurora,7302
7303   ZAMBOANGA DEL SUR - Bayog,7303
7305   ZAMBOANGA DEL SUR - Dimataling,7305
7306   ZAMBOANGA DEL SUR - Dinas,7306
7307   ZAMBOANGA DEL SUR - Dumalinao,7307
7308   ZAMBOANGA DEL SUR - Dumingag,7308
7311   ZAMBOANGA DEL SUR - Kumalarang,7311
7312   ZAMBOANGA DEL SUR - Labangan,7312
7313   ZAMBOANGA DEL SUR - Lapuyan,7313
7315   ZAMBOANGA DEL SUR - Mahayag,7315
7317   ZAMBOANGA DEL SUR - Margosatubig,7317
7318   ZAMBOANGA DEL SUR - Midsalip,7318
7319   ZAMBOANGA DEL SUR - Molave,7319
7322   ZAMBOANGA DEL SUR - City of Pagadian (Capital),7322
7323   ZAMBOANGA DEL SUR - Ramon Magsaysay (Liargo),7323
7324   ZAMBOANGA DEL SUR - San Miguel,7324
7325   ZAMBOANGA DEL SUR - San Pablo,7325
7327   ZAMBOANGA DEL SUR - Tabina,7327
7328   ZAMBOANGA DEL SUR - Tambulig,7328
7330   ZAMBOANGA DEL SUR - Tukuran,7330
7332   ZAMBOANGA DEL SUR - City of Zamboanga,7332
7333   ZAMBOANGA DEL SUR - Lakewood,7333
7337   ZAMBOANGA DEL SUR - Josefina,7337
7338   ZAMBOANGA DEL SUR - Pitogo,7338
7340   ZAMBOANGA DEL SUR - Sominot (Don Mariano Marcos),7340
7341   ZAMBOANGA DEL SUR - Vincenzo A. Sagun,7341
7343   ZAMBOANGA DEL SUR - Guipos,7343
7344   ZAMBOANGA DEL SUR - Tigbao,7344
"7401   NCR, Second District (Not a Province) - City of Mandaluyong",7401
"7402   NCR, Second District (Not a Province) - City of Marikina",7402
"7403   NCR, Second District (Not a Province) - City of Pasig",7403
"7404   NCR, Second District (Not a Province) - Quezon City",7404
"7405   NCR, Second District (Not a Province) - City of San Juan",7405
"7501   NCR, Third District (Not a Province) - City of Caloocan",7501
"7502   NCR, Third District (Not a Province) - City of Malabon",7502
"7503   NCR, Third District (Not a Province) - City of Navotas",7503
"7504   NCR, Third District (Not a Province) - City of Valenzuela",7504
"7601   NCR, Fourth District (Not a Province) - City of Las Piñas",7601
"7602   NCR, Fourth District (Not a Province) - City of Makati",7602
"7603   NCR, Fourth District (Not a Province) - City of Muntinlupa",7603
"7604   NCR, Fourth District (Not a Province) - City of Parañaque",7604
"7605   NCR, Fourth District (Not a Province) - Pasay City",7605
"7606   NCR, Fourth District (Not a Province) - Pateros",7606
"7607   NCR, Fourth District (Not a Province) - City of Taguig",7607
7701   AURORA - Baler (Capital),7701
7702   AURORA - Casiguran,7702
7703   AURORA - Dilasag,7703
7704   AURORA - Dinalungan,7704
7705   AURORA - Dingalan,7705
7706   AURORA - Dipaculao,7706
7707   AURORA - Maria Aurora,7707
7708   AURORA - San Luis,7708
7801   BILIRAN - Almeria,7801
7802   BILIRAN - Biliran,7802
7803   BILIRAN - Cabucgayan,7803
7804   BILIRAN - Caibiran,7804
7805   BILIRAN - Culaba,7805
7806   BILIRAN - Kawayan,7806
7807   BILIRAN - Maripipi,7807
7808   BILIRAN - Naval (Capital),7808
7901   GUIMARAS - Buenavista,7901
7902   GUIMARAS - Jordan (Capital),7902
7903   GUIMARAS - Nueva Valencia,7903
7904   GUIMARAS - San Lorenzo,7904
7905   GUIMARAS - Sibunag,7905
8001   SARANGANI - Alabel (Capital),8001
8002   SARANGANI - Glan,8002
8003   SARANGANI - Kiamba,8003
8004   SARANGANI - Maasim,8004
8005   SARANGANI - Maitum,8005
8006   SARANGANI - Malapatan,8006
8007   SARANGANI - Malungon,8007
8101   APAYAO - Calanasan (Bayag),8101
8102   APAYAO - Conner,8102
8103   APAYAO - Flora,8103
8104   APAYAO - Kabugao (Capital),8104
8105   APAYAO - Luna,8105
8106   APAYAO - Pudtol,8106
8107   APAYAO - Santa Marcela,8107
8201   DAVAO DE ORO (COMPOSTELA VALLEY) - Compostela,8201
8202   DAVAO DE ORO (COMPOSTELA VALLEY) - Laak (San Vicente),8202
8203   DAVAO DE ORO (COMPOSTELA VALLEY) - Mabini (Doña Alicia),8203
8204   DAVAO DE ORO (COMPOSTELA VALLEY) - Maco,8204
8205   DAVAO DE ORO (COMPOSTELA VALLEY) - Maragusan (San Mariano),8205
8206   DAVAO DE ORO (COMPOSTELA VALLEY) - Mawab,8206
8207   DAVAO DE ORO (COMPOSTELA VALLEY) - Monkayo,8207
8208   DAVAO DE ORO (COMPOSTELA VALLEY) - Montevista,8208
8209   DAVAO DE ORO (COMPOSTELA VALLEY) - Nabunturan (Capital),8209
8210   DAVAO DE ORO (COMPOSTELA VALLEY) - New Bataan,8210
8211   DAVAO DE ORO (COMPOSTELA VALLEY) - Pantukan,8211
8301   ZAMBOANGA SIBUGAY - Alicia,8301
8302   ZAMBOANGA SIBUGAY - Buug,8302
8303   ZAMBOANGA SIBUGAY - Diplahan,8303
8304   ZAMBOANGA SIBUGAY - Imelda,8304
8305   ZAMBOANGA SIBUGAY - Ipil (Capital),8305
8306   ZAMBOANGA SIBUGAY - Kabasalan,8306
8307   ZAMBOANGA SIBUGAY - Mabuhay,8307
8308   ZAMBOANGA SIBUGAY - Malangas,8308
8309   ZAMBOANGA SIBUGAY - Naga,8309
8310   ZAMBOANGA SIBUGAY - Olutanga,8310
8311   ZAMBOANGA SIBUGAY - Payao,8311
8312   ZAMBOANGA SIBUGAY - Roseller Lim,8312
8313   ZAMBOANGA SIBUGAY - Siay,8313
8314   ZAMBOANGA SIBUGAY - Talusan,8314
8315   ZAMBOANGA SIBUGAY - Titay,8315
8316   ZAMBOANGA SIBUGAY - Tungawan,8316
8501   DINAGAT ISLANDS - Basilisa (Rizal),8501
8502   DINAGAT ISLANDS - Cagdianao,8502
8503   DINAGAT ISLANDS - Dinagat,8503
8504   DINAGAT ISLANDS - Libjo (Albor),8504
8505   DINAGAT ISLANDS - Loreto,8505
8506   DINAGAT ISLANDS - San Jose (Capital),8506
8507   DINAGAT ISLANDS - Tubajon,8507
8601   DAVAO OCCIDENTAL - Don Marcelino,8601
8602   DAVAO OCCIDENTAL - Jose Abad Santos (Trinidad),8602
8603   DAVAO OCCIDENTAL - Malita (Capital),8603
8604   DAVAO OCCIDENTAL - Santa Maria,8604
8605   DAVAO OCCIDENTAL - Sarangani,8605
9701   CITY OF ISABELA,9701
9804   COTABATO CITY,9804
