Name,Geographic Level,Income Classification (DOF DO No. 074.2024),2024 Population,Name_Normalized
City of Caloocan,City,1st,1712945.0,caloocan
City of Las Piñas,City,1st,615549.0,las piñas
City of Makati,City,1st,309770.0,makati
City of Malabon,City,1st,389929.0,malabon
City of Mandaluyong,City,1st,465902.0,mandaluyong
City of Manila,City,1st,1902590.0,manila
Tondo I/II,SubMun,,637942.0,tondo i/ii
Binondo,SubMun,,23935.0,binondo
Quiapo,SubMun,,32236.0,quiapo
San Nicolas,SubMun,,46350.0,san nicolas
Santa Cruz,SubMun,,134484.0,santa cruz
Sampaloc,SubMun,,398396.0,sampaloc
San Miguel,SubMun,,23147.0,san miguel
Ermita,SubMun,,22863.0,ermita
Intramuros,SubMun,,7437.0,intramuros
Malate,SubMun,,114759.0,malate
Paco,SubMun,,85947.0,paco
Pandacan,SubMun,,90194.0,pandacan
Port Area,SubMun,,76783.0,port area
Santa Ana,SubMun,,208117.0,santa ana
City of Marikina,City,1st,471323.0,marikina
City of Muntinlupa,City,1st,552225.0,muntinlupa
City of Navotas,City,1st,252878.0,navotas
City of Parañaque,City,1st,703245.0,parañaque
Pasay City,City,1st,453186.0,pasay
City of Pasig,City,1st,853050.0,pasig
Quezon City,City,1st,3084270.0,quezon
City of San Juan,City,1st,134312.0,san juan
City of Taguig,City,1st,1308085.0,taguig
City of Valenzuela,City,1st,725173.0,valenzuela
Pateros,Mun,1st,67319.0,pateros
Bangued ,Mun,1st,48331.0,bangued
Boliney,Mun,3rd,3778.0,boliney
Bucay,Mun,3rd,17775.0,bucay
Bucloc,Mun,4th,2264.0,bucloc
Daguioman,Mun,4th,1773.0,daguioman
Danglas,Mun,3rd,4372.0,danglas
Dolores,Mun,3rd,11967.0,dolores
La Paz,Mun,4th,16014.0,la paz
Lacub,Mun,2nd,3649.0,lacub
Lagangilang,Mun,3rd,14577.0,lagangilang
Lagayan,Mun,4th,5154.0,lagayan
Langiden,Mun,4th,3457.0,langiden
Licuan-Baay,Mun,3rd,4301.0,licuan-baay
Luba,Mun,1st,6402.0,luba
Malibcong,Mun,3rd,4167.0,malibcong
Manabo,Mun,3rd,11087.0,manabo
Peñarrubia,Mun,4th,7003.0,peñarrubia
Pidigan,Mun,3rd,12058.0,pidigan
Pilar,Mun,1st,10498.0,pilar
Sallapadan,Mun,4th,6328.0,sallapadan
San Isidro,Mun,2nd,4771.0,san isidro
San Juan,Mun,4th,10777.0,san juan
San Quintin,Mun,3rd,5963.0,san quintin
Tayum,Mun,1st,14808.0,tayum
Tineg,Mun,1st,5059.0,tineg
Tubo,Mun,2nd,4941.0,tubo
Villaviciosa,Mun,1st,5674.0,villaviciosa
Atok,Mun,3rd,19346.0,atok
Bakun,Mun,3rd,15399.0,bakun
Bokod,Mun,2nd,16071.0,bokod
Buguias,Mun,1st,45703.0,buguias
Itogon,Mun,1st,59736.0,itogon
Kabayan,Mun,3rd,15841.0,kabayan
Kapangan,Mun,3rd,20048.0,kapangan
Kibungan,Mun,3rd,16884.0,kibungan
La Trinidad ,Mun,1st,142925.0,la trinidad
Mankayan,Mun,2nd*,38647.0,mankayan
Sablan,Mun,4th,12436.0,sablan
Tuba,Mun,1st,49268.0,tuba
Tublay,Mun,4th,20886.0,tublay
Banaue,Mun,3rd,20143.0,banaue
Hungduan,Mun,3rd,8970.0,hungduan
Kiangan,Mun,3rd,17849.0,kiangan
Lagawe ,Mun,3rd,19124.0,lagawe
Lamut,Mun,2nd,26520.0,lamut
Mayoyao,Mun,3rd,15525.0,mayoyao
Alfonso Lista,Mun,1st,34810.0,alfonso lista
Aguinaldo,Mun,1st,20924.0,aguinaldo
Hingyon,Mun,5th,9966.0,hingyon
Tinoc,Mun,3rd,18749.0,tinoc
Asipulo,Mun,4th,16088.0,asipulo
Balbalan,Mun,1st,13332.0,balbalan
Lubuagan,Mun,4th,8660.0,lubuagan
Pasil,Mun,4th,10690.0,pasil
Pinukpuk,Mun,1st,35033.0,pinukpuk
Rizal,Mun,3rd,20491.0,rizal
City of Tabuk ,City,1st,122771.0,tabuk
Tanudan,Mun,3rd,11103.0,tanudan
Tinglayan,Mun,3rd,13311.0,tinglayan
Barlig,Mun,4th,4363.0,barlig
Bauko,Mun,2nd,31470.0,bauko
Besao,Mun,4th,6315.0,besao
Bontoc ,Mun,1st,23466.0,bontoc
Natonin,Mun,3rd,8906.0,natonin
Paracelis,Mun,1st,30143.0,paracelis
Sabangan,Mun,4th,8556.0,sabangan
Sadanga,Mun,5th,7781.0,sadanga
Sagada,Mun,4th,10702.0,sagada
Tadian,Mun,3rd,18073.0,tadian
Calanasan,Mun,1st,12176.0,calanasan
Conner,Mun,1st,28360.0,conner
Flora,Mun,2nd,18271.0,flora
Kabugao ,Mun,1st,16425.0,kabugao
Luna,Mun,1st,21630.0,luna
Pudtol,Mun,2nd,15676.0,pudtol
Santa Marcela,Mun,4th,14049.0,santa marcela
City of Baguio,City,1st,368426.0,baguio
Adams,Mun,4th,2279.0,adams
Bacarra,Mun,2nd,32734.0,bacarra
Badoc,Mun,1st,32832.0,badoc
Bangui,Mun,2nd,15227.0,bangui
City of Batac,City,3rd,56781.0,batac
Burgos,Mun,3rd,10962.0,burgos
Carasi,Mun,5th,1775.0,carasi
Currimao,Mun,3rd,12256.0,currimao
Dingras,Mun,1st,40176.0,dingras
Dumalneg,Mun,4th,3452.0,dumalneg
Banna,Mun,1st,19363.0,banna
City of Laoag ,City,3rd,112117.0,laoag
Marcos,Mun,2nd,18105.0,marcos
Nueva Era,Mun,1st,13305.0,nueva era
Pagudpud,Mun,1st,25565.0,pagudpud
Paoay,Mun,2nd,24204.0,paoay
Pasuquin,Mun,1st,30521.0,pasuquin
Piddig,Mun,1st,22781.0,piddig
Pinili,Mun,1st,17705.0,pinili
San Nicolas,Mun,1st,39116.0,san nicolas
Sarrat,Mun,2nd,26294.0,sarrat
Solsona,Mun,2nd,26249.0,solsona
Vintar,Mun,1st,35051.0,vintar
Alilem,Mun,1st,7736.0,alilem
Banayoyo,Mun,1st,7953.0,banayoyo
Bantay,Mun,1st,37088.0,bantay
Burgos,Mun,1st,13026.0,burgos
Cabugao,Mun,1st,38981.0,cabugao
City of Candon,City,1st,61315.0,candon
Caoayan,Mun,2nd,19715.0,caoayan
Cervantes,Mun,1st,20065.0,cervantes
Galimuyod,Mun,1st,10263.0,galimuyod
Gregorio del Pilar,Mun,1st,4385.0,gregorio del pilar
Lidlidda,Mun,1st,4846.0,lidlidda
Magsingal,Mun,1st,31970.0,magsingal
Nagbukel,Mun,1st,5370.0,nagbukel
Narvacan,Mun,1st,46265.0,narvacan
Quirino,Mun,1st,9460.0,quirino
Salcedo,Mun,1st,11196.0,salcedo
San Emilio,Mun,1st,7513.0,san emilio
San Esteban,Mun,1st,8621.0,san esteban
San Ildefonso,Mun,2nd,8213.0,san ildefonso
San Juan,Mun,1st,26709.0,san juan
San Vicente,Mun,3rd,13074.0,san vicente
Santa,Mun,2nd,15164.0,santa
Santa Catalina,Mun,2nd,14319.0,santa catalina
Santa Cruz,Mun,1st,41296.0,santa cruz
Santa Lucia,Mun,1st,26200.0,santa lucia
Santa Maria,Mun,1st,30076.0,santa maria
Santiago,Mun,1st,19771.0,santiago
Santo Domingo,Mun,1st,29372.0,santo domingo
Sigay,Mun,1st,2577.0,sigay
Sinait,Mun,1st,26059.0,sinait
Sugpon,Mun,3rd,4238.0,sugpon
Suyo,Mun,1st,11051.0,suyo
Tagudin,Mun,1st,41606.0,tagudin
City of Vigan ,City,4th,54498.0,vigan
Agoo,Mun,1st,65256.0,agoo
Aringay,Mun,1st,50786.0,aringay
Bacnotan,Mun,1st,45203.0,bacnotan
Bagulin,Mun,4th,14434.0,bagulin
Balaoan,Mun,1st,40440.0,balaoan
Bangar,Mun,1st,38190.0,bangar
Bauang,Mun,1st,77670.0,bauang
Burgos,Mun,4th,9121.0,burgos
Caba,Mun,1st,23432.0,caba
Luna,Mun,2nd,38076.0,luna
Naguilian,Mun,1st,53443.0,naguilian
Pugo,Mun,3rd,19107.0,pugo
Rosario,Mun,1st,58797.0,rosario
City of San Fernando ,City,2nd,124809.0,san fernando
San Gabriel,Mun,3rd,18579.0,san gabriel
San Juan,Mun,1st,41319.0,san juan
Santo Tomas,Mun,1st,42777.0,santo tomas
Santol,Mun,1st,14877.0,santol
Sudipen,Mun,1st,16888.0,sudipen
Tubao,Mun,2nd,31868.0,tubao
Agno,Mun,2nd,29270.0,agno
Aguilar,Mun,1st,45363.0,aguilar
City of Alaminos,City,3rd,100430.0,alaminos
Alcala,Mun,1st,49479.0,alcala
Anda,Mun,2nd,42688.0,anda
Asingan,Mun,1st,58349.0,asingan
Balungao,Mun,1st,30678.0,balungao
Bani,Mun,1st,52715.0,bani
Basista,Mun,3rd,37840.0,basista
Bautista,Mun,3rd,35728.0,bautista
Bayambang,Mun,1st,129506.0,bayambang
Binalonan,Mun,1st,56560.0,binalonan
Binmaley,Mun,1st,88006.0,binmaley
Bolinao,Mun,1st,84658.0,bolinao
Bugallon,Mun,1st,76027.0,bugallon
Burgos,Mun,3rd,23240.0,burgos
Calasiao,Mun,1st,100686.0,calasiao
City of Dagupan,City,2nd,174777.0,dagupan
Dasol,Mun,2nd,31842.0,dasol
Infanta,Mun,2nd,26837.0,infanta
Labrador,Mun,3rd,26995.0,labrador
Lingayen ,Mun,1st,108510.0,lingayen
Mabini,Mun,2nd,26589.0,mabini
Malasiqui,Mun,1st,144344.0,malasiqui
Manaoag,Mun,1st,76606.0,manaoag
Mangaldan,Mun,1st,113302.0,mangaldan
Mangatarem,Mun,1st,79648.0,mangatarem
Mapandan,Mun,3rd,38228.0,mapandan
Natividad,Mun,3rd,26721.0,natividad
Pozorrubio,Mun,1st,75143.0,pozorrubio
Rosales,Mun,1st,67510.0,rosales
City of San Carlos,City,2nd,208330.0,san carlos
San Fabian,Mun,1st,87714.0,san fabian
San Jacinto,Mun,1st,44713.0,san jacinto
San Manuel,Mun,1st,56876.0,san manuel
San Nicolas,Mun,1st,40144.0,san nicolas
San Quintin,Mun,2nd,34322.0,san quintin
Santa Barbara,Mun,1st,92420.0,santa barbara
Santa Maria,Mun,2nd,34452.0,santa maria
Santo Tomas,Mun,4th,14894.0,santo tomas
Sison,Mun,1st,51439.0,sison
Sual,Mun,1st,38625.0,sual
Tayug,Mun,1st,45476.0,tayug
Umingan,Mun,1st,78940.0,umingan
Urbiztondo,Mun,1st,56349.0,urbiztondo
City of Urdaneta,City,1st,145935.0,urdaneta
Villasis,Mun,1st,65086.0,villasis
Laoac,Mun,2nd,34550.0,laoac
Basco ,Mun,4th,9647.0,basco
Itbayat,Mun,5th,2937.0,itbayat
Ivana,Mun,5th,1368.0,ivana
Mahatao,Mun,5th,1745.0,mahatao
Sabtang,Mun,5th,1774.0,sabtang
Uyugan,Mun,5th,1466.0,uyugan
Abulug,Mun,2nd,35347.0,abulug
Alcala,Mun,1st,41468.0,alcala
Allacapan,Mun,1st,35946.0,allacapan
Amulung,Mun,1st,50903.0,amulung
Aparri,Mun,1st,68368.0,aparri
Baggao,Mun,1st,90723.0,baggao
Ballesteros,Mun,2nd,34562.0,ballesteros
Buguey,Mun,2nd,32351.0,buguey
Calayan,Mun,1st,18008.0,calayan
Camalaniugan,Mun,3rd,25629.0,camalaniugan
Claveria,Mun,2nd,32997.0,claveria
Enrile,Mun,1st,36481.0,enrile
Gattaran,Mun,1st,59704.0,gattaran
Gonzaga,Mun,1st,41994.0,gonzaga
Iguig,Mun,2nd,31342.0,iguig
Lal-Lo,Mun,1st,48404.0,lal-lo
Lasam,Mun,1st,42042.0,lasam
Pamplona,Mun,3rd,25182.0,pamplona
Peñablanca,Mun,1st,50856.0,peñablanca
Piat,Mun,3rd,25436.0,piat
Rizal,Mun,4th,19577.0,rizal
Sanchez-Mira,Mun,2nd,26292.0,sanchez-mira
Santa Ana,Mun,1st,34595.0,santa ana
Santa Praxedes,Mun,5th,4643.0,santa praxedes
Santa Teresita,Mun,3rd,19476.0,santa teresita
Santo Niño,Mun,1st,29066.0,santo niño
Solana,Mun,1st,89840.0,solana
Tuao,Mun,1st,66147.0,tuao
Tuguegarao City ,City,2nd,167297.0,tuguegarao
Alicia,Mun,1st,74699.0,alicia
Angadanan,Mun,1st,45970.0,angadanan
Aurora,Mun,1st,37191.0,aurora
Benito Soliven,Mun,2nd,30682.0,benito soliven
Burgos,Mun,3rd,26729.0,burgos
Cabagan,Mun,1st,55445.0,cabagan
Cabatuan,Mun,1st,40223.0,cabatuan
City of Cauayan,City,2nd,143539.0,cauayan
Cordon,Mun,1st,46688.0,cordon
Dinapigue,Mun,1st,6116.0,dinapigue
Divilacan,Mun,1st,5871.0,divilacan
Echague,Mun,1st,91320.0,echague
Gamu,Mun,2nd,30850.0,gamu
City of Ilagan ,City,1st,164020.0,ilagan
Jones,Mun,1st,46160.0,jones
Luna,Mun,1st,21015.0,luna
Maconacon,Mun,2nd,4252.0,maconacon
Delfin Albano,Mun,1st,30860.0,delfin albano
Mallig,Mun,1st,32509.0,mallig
Naguilian,Mun,1st,34520.0,naguilian
Palanan,Mun,1st,18091.0,palanan
Quezon,Mun,1st,28376.0,quezon
Quirino,Mun,1st,25205.0,quirino
Ramon,Mun,1st,57412.0,ramon
Reina Mercedes,Mun,1st,28222.0,reina mercedes
Roxas,Mun,1st,66593.0,roxas
San Agustin,Mun,2nd,22228.0,san agustin
San Guillermo,Mun,2nd,21043.0,san guillermo
San Isidro,Mun,3rd,27326.0,san isidro
San Manuel,Mun,2nd,34740.0,san manuel
San Mariano,Mun,1st,61876.0,san mariano
San Mateo,Mun,1st,67433.0,san mateo
San Pablo,Mun,1st,26462.0,san pablo
Santa Maria,Mun,3rd,25919.0,santa maria
City of Santiago,City,1st,150313.0,santiago
Santo Tomas,Mun,3rd,25997.0,santo tomas
Tumauini,Mun,1st,77153.0,tumauini
Ambaguio,Mun,4th,16401.0,ambaguio
Aritao,Mun,1st,45000.0,aritao
Bagabag,Mun,1st,39138.0,bagabag
Bambang,Mun,1st,60146.0,bambang
Bayombong ,Mun,1st,72890.0,bayombong
Diadi,Mun,3rd,20438.0,diadi
Dupax del Norte,Mun,1st,35509.0,dupax del norte
Dupax del Sur,Mun,1st,22388.0,dupax del sur
Kasibu,Mun,1st,46845.0,kasibu
Kayapa,Mun,1st,27865.0,kayapa
Quezon,Mun,1st,25306.0,quezon
Santa Fe,Mun,2nd,18950.0,santa fe
Solano,Mun,1st,69296.0,solano
Villaverde,Mun,4th,21001.0,villaverde
Alfonso Castaneda,Mun,2nd*,8933.0,alfonso castaneda
Aglipay,Mun,2nd,31596.0,aglipay
Cabarroguis ,Mun,1st,34720.0,cabarroguis
Diffun,Mun,1st,58254.0,diffun
Maddela,Mun,1st,41867.0,maddela
Saguday,Mun,4th,17863.0,saguday
Nagtipunan,Mun,1st,26541.0,nagtipunan
Abucay,Mun,2nd,44846.0,abucay
Bagac,Mun,2nd,32799.0,bagac
City of Balanga ,City,2nd,109931.0,balanga
Dinalupihan,Mun,1st,124188.0,dinalupihan
Hermosa,Mun,1st,80557.0,hermosa
Limay,Mun,1st,81960.0,limay
Mariveles,Mun,1st,156200.0,mariveles
Morong,Mun,1st,37024.0,morong
Orani,Mun,1st,72941.0,orani
Orion,Mun,1st,63044.0,orion
Pilar,Mun,2nd,47107.0,pilar
Samal,Mun,2nd,40843.0,samal
Angat,Mun,1st,67862.0,angat
Balagtas,Mun,1st,80221.0,balagtas
City of Baliwag,City,3rd,174194.0,baliwag
Bocaue,Mun,1st,147755.0,bocaue
Bulacan,Mun,1st,83101.0,bulacan
Bustos,Mun,1st,80565.0,bustos
Calumpit,Mun,1st,122187.0,calumpit
Guiguinto,Mun,1st,118173.0,guiguinto
Hagonoy,Mun,1st,136673.0,hagonoy
City of Malolos ,City,1st,269809.0,malolos
Marilao,Mun,1st,263507.0,marilao
City of Meycauayan,City,1st,228023.0,meycauayan
Norzagaray,Mun,1st,140697.0,norzagaray
Obando,Mun,1st,61073.0,obando
Pandi,Mun,1st,162725.0,pandi
Paombong,Mun,2nd,58453.0,paombong
Plaridel,Mun,1st,120939.0,plaridel
Pulilan,Mun,1st,111384.0,pulilan
San Ildefonso,Mun,1st,123140.0,san ildefonso
City of San Jose Del Monte,City,1st,685688.0,san jose del monte
San Miguel,Mun,1st,179792.0,san miguel
San Rafael,Mun,1st,108256.0,san rafael
Santa Maria,Mun,1st,322525.0,santa maria
Doña Remedios Trinidad,Mun,1st,30064.0,doña remedios trinidad
Aliaga,Mun,1st,72134.0,aliaga
Bongabon,Mun,1st,69376.0,bongabon
City of Cabanatuan,City,1st,343672.0,cabanatuan
Cabiao,Mun,1st,89497.0,cabiao
Carranglan,Mun,1st,43694.0,carranglan
Cuyapo,Mun,1st,70919.0,cuyapo
Gabaldon,Mun,1st,40223.0,gabaldon
City of Gapan,City,3rd,129610.0,gapan
General Mamerto Natividad,Mun,2nd,43779.0,general mamerto natividad
General Tinio,Mun,1st,58093.0,general tinio
Guimba,Mun,1st,131468.0,guimba
Jaen,Mun,1st,83895.0,jaen
Laur,Mun,1st,40185.0,laur
Licab,Mun,3rd,29590.0,licab
Llanera,Mun,2nd,44620.0,llanera
Lupao,Mun,2nd,47175.0,lupao
Science City of Muñoz,City,4th,85061.0,science muñoz
Nampicuan,Mun,4th,15297.0,nampicuan
City of Palayan ,City,4th,47883.0,palayan
Pantabangan,Mun,1st,32694.0,pantabangan
Peñaranda,Mun,2nd,33043.0,peñaranda
Quezon,Mun,2nd,42621.0,quezon
Rizal,Mun,1st,71749.0,rizal
San Antonio,Mun,1st,84958.0,san antonio
San Isidro,Mun,1st,55108.0,san isidro
San Jose City,City,2nd,156714.0,san jose
San Leonardo,Mun,1st,69180.0,san leonardo
Santa Rosa,Mun,1st,80258.0,santa rosa
Santo Domingo,Mun,1st,63750.0,santo domingo
Talavera,Mun,1st,137444.0,talavera
Talugtug,Mun,3rd,26469.0,talugtug
Zaragoza,Mun,1st,55657.0,zaragoza
Apalit,Mun,1st,121057.0,apalit
Arayat,Mun,1st,150949.0,arayat
Bacolor,Mun,1st,59361.0,bacolor
Candaba,Mun,1st,124019.0,candaba
Floridablanca,Mun,1st,146095.0,floridablanca
Guagua,Mun,1st,137948.0,guagua
Lubao,Mun,1st,190355.0,lubao
Mabalacat City,City,1st,306594.0,mabalacat
Macabebe,Mun,1st,82933.0,macabebe
Magalang,Mun,1st,133883.0,magalang
Masantol,Mun,1st,57207.0,masantol
Mexico,Mun,1st,187597.0,mexico
Minalin,Mun,2nd,50126.0,minalin
Porac,Mun,1st,147551.0,porac
City of San Fernando ,City,1st,377534.0,san fernando
San Luis,Mun,2nd,64674.0,san luis
San Simon,Mun,1st,65760.0,san simon
Santa Ana,Mun,1st,63431.0,santa ana
Santa Rita,Mun,2nd,42915.0,santa rita
Sto. Tomas,Mun,2nd,44376.0,sto. tomas
Sasmuan,Mun,3rd,32081.0,sasmuan
Anao,Mun,4th,12865.0,anao
Bamban,Mun,1st,81012.0,bamban
Camiling,Mun,1st,91400.0,camiling
Capas,Mun,1st,162724.0,capas
Concepcion,Mun,1st,178549.0,concepcion
Gerona,Mun,1st,97937.0,gerona
La Paz,Mun,1st,71978.0,la paz
Mayantoc,Mun,1st,34091.0,mayantoc
Moncada,Mun,1st,66925.0,moncada
Paniqui,Mun,1st,106190.0,paniqui
Pura,Mun,3rd,27017.0,pura
Ramos,Mun,4th,23808.0,ramos
San Clemente,Mun,4th,13781.0,san clemente
San Manuel,Mun,1st,29693.0,san manuel
Santa Ignacia,Mun,1st,53620.0,santa ignacia
City of Tarlac ,City,1st,401892.0,tarlac
Victoria,Mun,1st,71495.0,victoria
San Jose,Mun,1st,43185.0,san jose
Botolan,Mun,1st,70340.0,botolan
Cabangan,Mun,2nd,29334.0,cabangan
Candelaria,Mun,1st,32182.0,candelaria
Castillejos,Mun,1st,70105.0,castillejos
Iba ,Mun,1st,59580.0,iba
Masinloc,Mun,1st,56579.0,masinloc
Palauig,Mun,1st,43250.0,palauig
San Antonio,Mun,1st,38617.0,san antonio
San Felipe,Mun,3rd,26081.0,san felipe
San Marcelino,Mun,1st,39542.0,san marcelino
San Narciso,Mun,3rd,32180.0,san narciso
Santa Cruz,Mun,1st,66647.0,santa cruz
Subic,Mun,1st,116788.0,subic
Baler ,Mun,1st,44684.0,baler
Casiguran,Mun,1st,26855.0,casiguran
Dilasag,Mun,2nd,17536.0,dilasag
Dinalungan,Mun,3rd,12552.0,dinalungan
Dingalan,Mun,2nd,29286.0,dingalan
Dipaculao,Mun,1st,33597.0,dipaculao
Maria Aurora,Mun,1st,45972.0,maria aurora
San Luis,Mun,1st,30342.0,san luis
City of Angeles,City,1st,483452.0,angeles
City of Olongapo,City,1st,264903.0,olongapo
Agoncillo,Mun,2nd,40662.0,agoncillo
Alitagtag,Mun,4th,28033.0,alitagtag
Balayan,Mun,1st,96939.0,balayan
Balete,Mun,4th,24202.0,balete
Batangas City ,City,1st,358267.0,batangas
Bauan,Mun,1st,94016.0,bauan
City of Calaca,City,3rd,92281.0,calaca
Calatagan,Mun,1st,60420.0,calatagan
Cuenca,Mun,2nd,36453.0,cuenca
Ibaan,Mun,1st,58673.0,ibaan
Laurel,Mun,2nd,44791.0,laurel
Lemery,Mun,1st,94736.0,lemery
Lian,Mun,1st,56788.0,lian
City of Lipa,City,1st,387392.0,lipa
Lobo,Mun,1st,41251.0,lobo
Mabini,Mun,1st,49876.0,mabini
Malvar,Mun,1st,74565.0,malvar
Mataasnakahoy,Mun,3rd,31912.0,mataasnakahoy
Nasugbu,Mun,1st,141063.0,nasugbu
Padre Garcia,Mun,1st,53526.0,padre garcia
Rosario,Mun,1st,131365.0,rosario
San Jose,Mun,1st,81170.0,san jose
San Juan,Mun,1st,115118.0,san juan
San Luis,Mun,3rd,36841.0,san luis
San Nicolas,Mun,4th,24392.0,san nicolas
San Pascual,Mun,1st,69419.0,san pascual
Santa Teresita,Mun,4th,21742.0,santa teresita
City of Sto. Tomas,City,1st,226772.0,sto. tomas
Taal,Mun,1st,61559.0,taal
Talisay,Mun,1st,46477.0,talisay
City of Tanauan,City,1st,209697.0,tanauan
Taysan,Mun,1st,41332.0,taysan
Tingloy,Mun,4th,15866.0,tingloy
Tuy,Mun,2nd,47199.0,tuy
Alfonso,Mun,1st,60583.0,alfonso
Amadeo,Mun,2nd,44190.0,amadeo
City of Bacoor,City,1st,661381.0,bacoor
City of Carmona,City,2nd,112140.0,carmona
City of Cavite,City,4th,98673.0,cavite
City of Dasmariñas,City,1st,744511.0,dasmariñas
General Emilio Aguinaldo,Mun,4th,24264.0,general emilio aguinaldo
City of General Trias,City,1st,482453.0,general trias
City of Imus,City,1st,481949.0,imus
Indang,Mun,1st,70092.0,indang
Kawit,Mun,1st,123631.0,kawit
Magallanes,Mun,3rd,25826.0,magallanes
Maragondon,Mun,2nd,41977.0,maragondon
Mendez,Mun,2nd,36518.0,mendez
Naic,Mun,1st,236978.0,naic
Noveleta,Mun,1st,46172.0,noveleta
Rosario,Mun,1st,112572.0,rosario
Silang,Mun,1st,313145.0,silang
City of Tagaytay,City,1st,87811.0,tagaytay
Tanza,Mun,1st,339308.0,tanza
Ternate,Mun,3rd,24891.0,ternate
City of Trece Martires ,City,2nd,227892.0,trece martires
Gen. Mariano Alvarez,Mun,1st,176927.0,gen. mariano alvarez
Alaminos,Mun,1st,53589.0,alaminos
Bay,Mun,1st,69802.0,bay
City of Biñan,City,1st,584479.0,biñan
City of Cabuyao,City,1st,365202.0,cabuyao
City of Calamba,City,1st,575046.0,calamba
Calauan,Mun,1st,89670.0,calauan
Cavinti,Mun,2nd,24740.0,cavinti
Famy,Mun,4th,17668.0,famy
Kalayaan,Mun,3rd,25243.0,kalayaan
Liliw,Mun,3rd,39976.0,liliw
Los Baños,Mun,1st,117030.0,los baños
Luisiana,Mun,4th,21824.0,luisiana
Lumban,Mun,3rd,32793.0,lumban
Mabitac,Mun,4th,21748.0,mabitac
Magdalena,Mun,3rd,28131.0,magdalena
Majayjay,Mun,3rd,28504.0,majayjay
Nagcarlan,Mun,1st,66351.0,nagcarlan
Paete,Mun,4th,25254.0,paete
Pagsanjan,Mun,2nd,45602.0,pagsanjan
Pakil,Mun,3rd,23972.0,pakil
Pangil,Mun,3rd,25318.0,pangil
Pila,Mun,1st,57776.0,pila
Rizal,Mun,4th,18864.0,rizal
City of San Pablo,City,1st,300166.0,san pablo
City of San Pedro,City,1st,348968.0,san pedro
Santa Cruz ,Mun,1st,126844.0,santa cruz
Santa Maria,Mun,2nd,34102.0,santa maria
City of Santa Rosa,City,1st,430920.0,santa rosa
Siniloan,Mun,1st,42533.0,siniloan
Victoria,Mun,2nd,45230.0,victoria
Agdangan,Mun,5th,13316.0,agdangan
Alabat,Mun,4th,15744.0,alabat
Atimonan,Mun,1st,65552.0,atimonan
Buenavista,Mun,2nd,31550.0,buenavista
Burdeos,Mun,3rd,22742.0,burdeos
Calauag,Mun,1st,68999.0,calauag
Candelaria,Mun,1st,137933.0,candelaria
Catanauan,Mun,1st,76250.0,catanauan
Dolores,Mun,3rd,32645.0,dolores
General Luna,Mun,3rd,25110.0,general luna
General Nakar,Mun,1st,34982.0,general nakar
Guinayangan,Mun,1st,45375.0,guinayangan
Gumaca,Mun,1st,72454.0,gumaca
Infanta,Mun,1st,77676.0,infanta
Jomalig,Mun,5th,7884.0,jomalig
Lopez,Mun,1st,96006.0,lopez
Lucban,Mun,1st,54134.0,lucban
Macalelon,Mun,3rd,25266.0,macalelon
Mauban,Mun,1st,70135.0,mauban
Mulanay,Mun,1st,53976.0,mulanay
Padre Burgos,Mun,4th,23392.0,padre burgos
Pagbilao,Mun,1st,82132.0,pagbilao
Panukulan,Mun,3rd,17118.0,panukulan
Patnanungan,Mun,4th,15554.0,patnanungan
Perez,Mun,4th,13052.0,perez
Pitogo,Mun,4th,22499.0,pitogo
Plaridel,Mun,5th,10866.0,plaridel
Polillo,Mun,1st,31737.0,polillo
Quezon,Mun,4th,15869.0,quezon
Real,Mun,1st,39969.0,real
Sampaloc,Mun,4th,13331.0,sampaloc
San Andres,Mun,2nd,38407.0,san andres
San Antonio,Mun,3rd,36451.0,san antonio
San Francisco,Mun,1st,63789.0,san francisco
San Narciso,Mun,1st,53375.0,san narciso
Sariaya,Mun,1st,172018.0,sariaya
Tagkawayan,Mun,1st,54709.0,tagkawayan
City of Tayabas,City,3rd,115318.0,tayabas
Tiaong,Mun,1st,107666.0,tiaong
Unisan,Mun,3rd,25357.0,unisan
Angono,Mun,1st,134975.0,angono
City of Antipolo ,City,1st,913712.0,antipolo
Baras,Mun,1st,91099.0,baras
Binangonan,Mun,1st,321281.0,binangonan
Cainta,Mun,1st,386321.0,cainta
Cardona,Mun,2nd,51493.0,cardona
Jala-Jala,Mun,3rd,34901.0,jala-jala
Rodriguez,Mun,1st,451383.0,rodriguez
Morong,Mun,1st,72262.0,morong
Pililla,Mun,1st,72503.0,pililla
San Mateo,Mun,1st,276449.0,san mateo
Tanay,Mun,1st,145597.0,tanay
Taytay,Mun,1st,397111.0,taytay
Teresa,Mun,1st,67454.0,teresa
City of Lucena ,City,1st,280331.0,lucena
Boac ,Mun,1st,54365.0,boac
Buenavista,Mun,4th,24136.0,buenavista
Gasan,Mun,2nd,35315.0,gasan
Mogpog,Mun,2nd,32577.0,mogpog
Santa Cruz,Mun,1st,51594.0,santa cruz
Torrijos,Mun,2nd,28535.0,torrijos
Abra De Ilog,Mun,1st,31910.0,abra de ilog
Calintaan,Mun,1st,31088.0,calintaan
Looc,Mun,4th,9426.0,looc
Lubang,Mun,4th,18761.0,lubang
Magsaysay,Mun,1st,40987.0,magsaysay
Mamburao ,Mun,1st,44554.0,mamburao
Paluan,Mun,1st,19461.0,paluan
Rizal,Mun,2nd,40319.0,rizal
Sablayan,Mun,1st,91406.0,sablayan
San Jose,Mun,1st,143495.0,san jose
Santa Cruz,Mun,1st,40010.0,santa cruz
Baco,Mun,1st,40159.0,baco
Bansud,Mun,1st,44396.0,bansud
Bongabong,Mun,1st,77540.0,bongabong
Bulalacao,Mun,1st,46439.0,bulalacao
City of Calapan ,City,2nd,148558.0,calapan
Gloria,Mun,1st,52296.0,gloria
Mansalay,Mun,1st,60597.0,mansalay
Naujan,Mun,1st,109122.0,naujan
Pinamalayan,Mun,1st,90420.0,pinamalayan
Pola,Mun,2nd,35771.0,pola
Puerto Galera,Mun,1st,42301.0,puerto galera
Roxas,Mun,1st,58428.0,roxas
San Teodoro,Mun,2nd,19650.0,san teodoro
Socorro,Mun,2nd,41612.0,socorro
Victoria,Mun,1st,52215.0,victoria
Aborlan,Mun,1st,39972.0,aborlan
Agutaya,Mun,5th,13351.0,agutaya
Araceli,Mun,3rd,14554.0,araceli
Balabac,Mun,1st,42662.0,balabac
Bataraza,Mun,1st,87384.0,bataraza
Brooke's Point,Mun,1st,76715.0,brooke's point
Busuanga,Mun,1st,26974.0,busuanga
Cagayancillo,Mun,5th,7164.0,cagayancillo
Coron,Mun,1st,69439.0,coron
Cuyo,Mun,3rd,24702.0,cuyo
Dumaran,Mun,1st,23795.0,dumaran
El Nido,Mun,1st,51367.0,el nido
Linapacan,Mun,3rd,16782.0,linapacan
Magsaysay,Mun,4th,13273.0,magsaysay
Narra,Mun,1st,80572.0,narra
Quezon,Mun,1st,68532.0,quezon
Roxas,Mun,1st,69729.0,roxas
San Vicente,Mun,1st,33768.0,san vicente
Taytay,Mun,1st,85258.0,taytay
Kalayaan,Mun,4th,406.0,kalayaan
Culion,Mun,1st,23985.0,culion
Dr. Jose P. Rizal,Mun,1st,59040.0,dr. jose p. rizal
Sofronio Española,Mun,1st,39371.0,sofronio española
Alcantara,Mun,4th,16417.0,alcantara
Banton,Mun,5th,5848.0,banton
Cajidiocan,Mun,3rd,23488.0,cajidiocan
Calatrava,Mun,4th,11254.0,calatrava
Concepcion,Mun,5th,3427.0,concepcion
Corcuera,Mun,5th,9021.0,corcuera
Looc,Mun,3rd,21964.0,looc
Magdiwang,Mun,4th,15170.0,magdiwang
Odiongan,Mun,1st,48133.0,odiongan
Romblon ,Mun,2nd,39004.0,romblon
San Agustin,Mun,3rd,23698.0,san agustin
San Andres,Mun,4th,16350.0,san andres
San Fernando,Mun,3rd,23660.0,san fernando
San Jose,Mun,5th,11626.0,san jose
Santa Fe,Mun,4th,17578.0,santa fe
Ferrol,Mun,5th,7826.0,ferrol
Santa Maria,Mun,5th,8360.0,santa maria
City of Puerto Princesa ,City,1st,316384.0,puerto princesa
Bacacay,Mun,1st,72298.0,bacacay
Camalig,Mun,1st,73087.0,camalig
Daraga,Mun,1st,138000.0,daraga
Guinobatan,Mun,1st,84420.0,guinobatan
Jovellar,Mun,4th,17538.0,jovellar
City of Legazpi ,City,1st,210616.0,legazpi
Libon,Mun,1st,72135.0,libon
City of Ligao,City,3rd,119779.0,ligao
Malilipot,Mun,1st,41066.0,malilipot
Malinao,Mun,2nd,49570.0,malinao
Manito,Mun,2nd,26425.0,manito
Oas,Mun,1st,64890.0,oas
Pio Duran,Mun,1st,48713.0,pio duran
Polangui,Mun,1st,89344.0,polangui
Rapu-Rapu,Mun,2nd,36281.0,rapu-rapu
Santo Domingo,Mun,2nd,37586.0,santo domingo
City of Tabaco,City,3rd,140779.0,tabaco
Tiwi,Mun,1st,56871.0,tiwi
Basud,Mun,1st,43388.0,basud
Capalonga,Mun,1st,32800.0,capalonga
Daet ,Mun,1st,106465.0,daet
San Lorenzo Ruiz,Mun,5th,15072.0,san lorenzo ruiz
Jose Panganiban,Mun,1st,60626.0,jose panganiban
Labo,Mun,1st,108319.0,labo
Mercedes,Mun,1st,53702.0,mercedes
Paracale,Mun,1st,58391.0,paracale
San Vicente,Mun,4th,11774.0,san vicente
Santa Elena,Mun,1st,42585.0,santa elena
Talisay,Mun,4th,26371.0,talisay
Vinzons,Mun,2nd,45173.0,vinzons
Baao,Mun,1st,61357.0,baao
Balatan,Mun,3rd,31069.0,balatan
Bato,Mun,2nd,52021.0,bato
Bombon,Mun,4th,17346.0,bombon
Buhi,Mun,1st,78104.0,buhi
Bula,Mun,1st,75943.0,bula
Cabusao,Mun,4th,18882.0,cabusao
Calabanga,Mun,1st,88918.0,calabanga
Camaligan,Mun,4th,25218.0,camaligan
Canaman,Mun,3rd,35766.0,canaman
Caramoan,Mun,1st,50433.0,caramoan
Del Gallego,Mun,3rd,26029.0,del gallego
Gainza,Mun,5th,11652.0,gainza
Garchitorena,Mun,2nd,29408.0,garchitorena
Goa,Mun,1st,71651.0,goa
City of Iriga,City,3rd,115306.0,iriga
Lagonoy,Mun,1st,57044.0,lagonoy
Libmanan,Mun,1st,113254.0,libmanan
Lupi,Mun,2nd,33474.0,lupi
Magarao,Mun,4th,28197.0,magarao
Milaor,Mun,3rd,33680.0,milaor
Minalabac,Mun,1st,51841.0,minalabac
Nabua,Mun,1st,86458.0,nabua
City of Naga,City,1st,210545.0,naga
Ocampo,Mun,2nd,49535.0,ocampo
Pamplona,Mun,3rd,38556.0,pamplona
Pasacao,Mun,1st,50708.0,pasacao
Pili ,Mun,1st,101668.0,pili
Presentacion,Mun,3rd,23323.0,presentacion
Ragay,Mun,1st,58843.0,ragay
Sagñay,Mun,2nd,37087.0,sagñay
San Fernando,Mun,2nd,39206.0,san fernando
San Jose,Mun,3rd,44688.0,san jose
Sipocot,Mun,1st,65286.0,sipocot
Siruma,Mun,4th,19168.0,siruma
Tigaon,Mun,1st,61790.0,tigaon
Tinambac,Mun,1st,69860.0,tinambac
Bagamanoc,Mun,4th,10403.0,bagamanoc
Baras,Mun,4th,12992.0,baras
Bato,Mun,4th,21325.0,bato
Caramoran,Mun,2nd,30124.0,caramoran
Gigmoto,Mun,4th,8348.0,gigmoto
Pandan,Mun,4th,20796.0,pandan
Panganiban,Mun,4th,8947.0,panganiban
San Andres,Mun,2nd,37157.0,san andres
San Miguel,Mun,4th,14578.0,san miguel
Viga,Mun,3rd,21364.0,viga
Virac ,Mun,1st,75135.0,virac
Aroroy,Mun,1st,89154.0,aroroy
Baleno,Mun,2nd,28787.0,baleno
Balud,Mun,2nd,40236.0,balud
Batuan,Mun,4th,15614.0,batuan
Cataingan,Mun,1st,51165.0,cataingan
Cawayan,Mun,1st,68510.0,cawayan
Claveria,Mun,1st,40733.0,claveria
Dimasalang,Mun,3rd,25054.0,dimasalang
Esperanza,Mun,4th,18021.0,esperanza
Mandaon,Mun,1st,44177.0,mandaon
City of Masbate ,City,3rd,104011.0,masbate
Milagros,Mun,1st,57362.0,milagros
Mobo,Mun,2nd,41199.0,mobo
Monreal,Mun,3rd,25843.0,monreal
Palanas,Mun,3rd,28133.0,palanas
Pio V. Corpus,Mun,4th,23641.0,pio v. corpus
Placer,Mun,1st,56658.0,placer
San Fernando,Mun,4th,22006.0,san fernando
San Jacinto,Mun,3rd,29458.0,san jacinto
San Pascual,Mun,1st,44641.0,san pascual
Uson,Mun,1st,56410.0,uson
Barcelona,Mun,4th,21911.0,barcelona
Bulan,Mun,1st,106919.0,bulan
Bulusan,Mun,3rd,24152.0,bulusan
Casiguran,Mun,3rd,36464.0,casiguran
Castilla,Mun,1st,61308.0,castilla
Donsol,Mun,1st,51781.0,donsol
Gubat,Mun,1st,61095.0,gubat
Irosin,Mun,1st,59540.0,irosin
Juban,Mun,2nd,35978.0,juban
Magallanes,Mun,2nd,38072.0,magallanes
Matnog,Mun,1st,42444.0,matnog
Pilar,Mun,1st,76908.0,pilar
Prieto Diaz,Mun,4th,23424.0,prieto diaz
Santa Magdalena,Mun,4th,17400.0,santa magdalena
City of Sorsogon ,City,2nd,187670.0,sorsogon
Altavas,Mun,3rd,26181.0,altavas
Balete,Mun,3rd,30310.0,balete
Banga,Mun,2nd,41188.0,banga
Batan,Mun,3rd,33932.0,batan
Buruanga,Mun,4th,19878.0,buruanga
Ibajay,Mun,1st,53399.0,ibajay
Kalibo ,Mun,1st,93218.0,kalibo
Lezo,Mun,4th,16200.0,lezo
Libacao,Mun,2nd,28525.0,libacao
Madalag,Mun,3rd,19043.0,madalag
Makato,Mun,3rd,30650.0,makato
Malay,Mun,1st,64723.0,malay
Malinao,Mun,3rd,24971.0,malinao
Nabas,Mun,2nd,41568.0,nabas
New Washington,Mun,2nd,49204.0,new washington
Numancia,Mun,3rd,37428.0,numancia
Tangalan,Mun,4th,24004.0,tangalan
Anini-Y,Mun,4th,22713.0,anini-y
Barbaza,Mun,3rd,24925.0,barbaza
Belison,Mun,5th,14433.0,belison
Bugasong,Mun,2nd,36060.0,bugasong
Caluya,Mun,1st,42895.0,caluya
Culasi,Mun,1st,46442.0,culasi
Tobias Fornier,Mun,3rd,34411.0,tobias fornier
Hamtic,Mun,2nd,54455.0,hamtic
Laua-An,Mun,3rd,28177.0,laua-an
Libertad,Mun,4th,18685.0,libertad
Pandan,Mun,2nd,37325.0,pandan
Patnongon,Mun,2nd,40070.0,patnongon
San Jose ,Mun,1st,69522.0,san jose
San Remigio,Mun,1st,36170.0,san remigio
Sebaste,Mun,3rd,19365.0,sebaste
Sibalom,Mun,1st,67155.0,sibalom
Tibiao,Mun,2nd,29608.0,tibiao
Valderrama,Mun,2nd,20762.0,valderrama
Cuartero,Mun,3rd,28650.0,cuartero
Dao,Mun,3rd,34555.0,dao
Dumalag,Mun,3rd,30872.0,dumalag
Dumarao,Mun,1st,51633.0,dumarao
Ivisan,Mun,3rd,32853.0,ivisan
Jamindan,Mun,1st,40472.0,jamindan
Ma-Ayon,Mun,2nd,42997.0,ma-ayon
Mambusao,Mun,2nd,41768.0,mambusao
Panay,Mun,2nd,50946.0,panay
Panitan,Mun,2nd,44246.0,panitan
Pilar,Mun,2nd,48789.0,pilar
Pontevedra,Mun,1st,51956.0,pontevedra
President Roxas,Mun,3rd,32436.0,president roxas
City of Roxas ,City,2nd,185236.0,roxas
Sapi-An,Mun,3rd,27377.0,sapi-an
Sigma,Mun,3rd,32628.0,sigma
Tapaz,Mun,1st,57684.0,tapaz
Ajuy,Mun,1st,54100.0,ajuy
Alimodian,Mun,2nd,39814.0,alimodian
Anilao,Mun,3rd,30612.0,anilao
Badiangan,Mun,4th,27088.0,badiangan
Balasan,Mun,2nd,35193.0,balasan
Banate,Mun,2nd,33790.0,banate
Barotac Nuevo,Mun,1st,59184.0,barotac nuevo
Barotac Viejo,Mun,1st,49736.0,barotac viejo
Batad,Mun,4th,22174.0,batad
Bingawan,Mun,4th,16247.0,bingawan
Cabatuan,Mun,1st,62717.0,cabatuan
Calinog,Mun,1st,63896.0,calinog
Carles,Mun,1st,74177.0,carles
Concepcion,Mun,1st,45737.0,concepcion
Dingle,Mun,1st,46032.0,dingle
Dueñas,Mun,3rd,34941.0,dueñas
Dumangas,Mun,1st,75239.0,dumangas
Estancia,Mun,1st,54882.0,estancia
Guimbal,Mun,3rd,35129.0,guimbal
Igbaras,Mun,2nd,32442.0,igbaras
Janiuay,Mun,1st,67509.0,janiuay
Lambunao,Mun,1st,80724.0,lambunao
Leganes,Mun,2nd,36542.0,leganes
Lemery,Mun,3rd,32836.0,lemery
Leon,Mun,1st,52777.0,leon
Maasin,Mun,2nd,38761.0,maasin
Miagao,Mun,1st,68163.0,miagao
Mina,Mun,4th,24145.0,mina
New Lucena,Mun,4th,24785.0,new lucena
Oton,Mun,1st,99920.0,oton
City of Passi,City,3rd,90313.0,passi
Pavia,Mun,1st,74594.0,pavia
Pototan,Mun,1st,78919.0,pototan
San Dionisio,Mun,2nd,39423.0,san dionisio
San Enrique,Mun,2nd,37381.0,san enrique
San Joaquin,Mun,1st,52773.0,san joaquin
San Miguel,Mun,3rd,31093.0,san miguel
San Rafael,Mun,4th,18293.0,san rafael
Santa Barbara,Mun,1st,68467.0,santa barbara
Sara,Mun,1st,55476.0,sara
Tigbauan,Mun,1st,65657.0,tigbauan
Tubungan,Mun,4th,23083.0,tubungan
Zarraga,Mun,3rd,27852.0,zarraga
Buenavista,Mun,1st,54352.0,buenavista
Jordan ,Mun,2nd,40647.0,jordan
Nueva Valencia,Mun,2nd,43822.0,nueva valencia
San Lorenzo,Mun,3rd,30266.0,san lorenzo
Sibunag,Mun,3rd,23787.0,sibunag
City of Iloilo ,City,1st,473728.0,iloilo
City of Bago,City,1st,192993.0,bago
Binalbagan,Mun,1st,72594.0,binalbagan
City of Cadiz,City,1st,161558.0,cadiz
Calatrava,Mun,1st,83813.0,calatrava
Candoni,Mun,3rd,22083.0,candoni
Cauayan,Mun,1st,110899.0,cauayan
Enrique B. Magalona,Mun,1st,65730.0,enrique b. magalona
City of Escalante,City,3rd,97050.0,escalante
City of Himamaylan,City,2nd,117286.0,himamaylan
Hinigaran,Mun,1st,90403.0,hinigaran
Hinoba-an,Mun,1st,64364.0,hinoba-an
Ilog,Mun,1st,63444.0,ilog
Isabela,Mun,1st,65399.0,isabela
City of Kabankalan,City,1st,210893.0,kabankalan
City of La Carlota,City,4th,67740.0,la carlota
La Castellana,Mun,1st,82500.0,la castellana
Manapla,Mun,1st,55882.0,manapla
Moises Padilla,Mun,2nd,44864.0,moises padilla
Murcia,Mun,1st,90123.0,murcia
Pontevedra,Mun,1st,54941.0,pontevedra
Pulupandan,Mun,3rd,31942.0,pulupandan
City of Sagay,City,2nd,152543.0,sagay
City of San Carlos,City,1st,133175.0,san carlos
San Enrique,Mun,4th,24424.0,san enrique
City of Silay,City,3rd,136802.0,silay
City of Sipalay,City,3rd,73847.0,sipalay
City of Talisay,City,3rd,109204.0,talisay
Toboso,Mun,2nd,44973.0,toboso
Valladolid,Mun,2nd,40487.0,valladolid
City of Victorias,City,4th,90290.0,victorias
Salvador Benedicto,Mun,3rd,28231.0,salvador benedicto
Amlan,Mun,3rd,26566.0,amlan
Ayungon,Mun,1st,50688.0,ayungon
Bacong,Mun,2nd,43889.0,bacong
City of Bais,City,3rd,88050.0,bais
Basay,Mun,3rd,30018.0,basay
City of Bayawan,City,1st,126744.0,bayawan
Bindoy,Mun,2nd,41543.0,bindoy
City of Canlaon,City,4th,62785.0,canlaon
Dauin,Mun,2nd,30921.0,dauin
City of Dumaguete ,City,2nd,142171.0,dumaguete
City of Guihulngan,City,2nd,106576.0,guihulngan
Jimalalud,Mun,3rd,32996.0,jimalalud
La Libertad,Mun,2nd,42721.0,la libertad
Mabinay,Mun,1st,85770.0,mabinay
Manjuyod,Mun,1st,46461.0,manjuyod
Pamplona,Mun,2nd,41209.0,pamplona
San Jose,Mun,4th,22870.0,san jose
Santa Catalina,Mun,1st,80382.0,santa catalina
Siaton,Mun,1st,84169.0,siaton
Sibulan,Mun,1st,69092.0,sibulan
City of Tanjay,City,3rd,84593.0,tanjay
Tayasan,Mun,2nd,39005.0,tayasan
Valencia,Mun,1st,39986.0,valencia
Vallehermoso,Mun,2nd,42421.0,vallehermoso
Zamboanguita,Mun,3rd,30412.0,zamboanguita
Enrique Villanueva,Mun,5th,6965.0,enrique villanueva
Larena,Mun,4th,14933.0,larena
Lazi,Mun,4th,23092.0,lazi
Maria,Mun,4th,15146.0,maria
San Juan,Mun,4th,17291.0,san juan
Siquijor ,Mun,3rd,30215.0,siquijor
City of Bacolod ,City,1st,624787.0,bacolod
Alburquerque,Mun,4th,11489.0,alburquerque
Alicia,Mun,3rd,24663.0,alicia
Anda,Mun,4th,17835.0,anda
Antequera,Mun,4th,14881.0,antequera
Baclayon,Mun,4th,22754.0,baclayon
Balilihan,Mun,3rd,19747.0,balilihan
Batuan,Mun,4th,14423.0,batuan
Bilar,Mun,4th,18877.0,bilar
Buenavista,Mun,1st,31095.0,buenavista
Calape,Mun,2nd,33022.0,calape
Candijay,Mun,3rd,30142.0,candijay
Carmen,Mun,1st,50249.0,carmen
Catigbian,Mun,3rd,23812.0,catigbian
Clarin,Mun,4th,21318.0,clarin
Corella,Mun,4th,9889.0,corella
Cortes,Mun,4th,18976.0,cortes
Dagohoy,Mun,4th,20068.0,dagohoy
Danao,Mun,3rd,20299.0,danao
Dauis,Mun,1st,53864.0,dauis
Dimiao,Mun,4th,14894.0,dimiao
Duero,Mun,4th,19136.0,duero
Garcia Hernandez,Mun,3rd,24450.0,garcia hernandez
Guindulman,Mun,2nd,34660.0,guindulman
Inabanga,Mun,1st,49133.0,inabanga
Jagna,Mun,2nd,36674.0,jagna
Getafe,Mun,2nd,33485.0,getafe
Lila,Mun,4th,11450.0,lila
Loay,Mun,4th,17957.0,loay
Loboc,Mun,3rd,17338.0,loboc
Loon,Mun,1st,43857.0,loon
Mabini,Mun,3rd,28224.0,mabini
Maribojoc,Mun,3rd,22268.0,maribojoc
Panglao,Mun,1st,41760.0,panglao
Pilar,Mun,3rd,28860.0,pilar
President Carlos P. Garcia,Mun,3rd,23858.0,president carlos p. garcia
Sagbayan,Mun,3rd,25329.0,sagbayan
San Isidro,Mun,5th,10228.0,san isidro
San Miguel,Mun,2nd,26124.0,san miguel
Sevilla,Mun,4th,11425.0,sevilla
Sierra Bullones,Mun,2nd,26154.0,sierra bullones
Sikatuna,Mun,5th,7031.0,sikatuna
City of Tagbilaran ,City,2nd,106120.0,tagbilaran
Talibon,Mun,1st,71450.0,talibon
Trinidad,Mun,1st,37191.0,trinidad
Tubigon,Mun,1st,49275.0,tubigon
Ubay,Mun,1st,82179.0,ubay
Valencia,Mun,3rd,28535.0,valencia
Bien Unido,Mun,4th,26278.0,bien unido
Alcantara,Mun,4th,17490.0,alcantara
Alcoy,Mun,4th,19207.0,alcoy
Alegria,Mun,3rd,26520.0,alegria
Aloguinsan,Mun,3rd,34990.0,aloguinsan
Argao,Mun,1st,78111.0,argao
Asturias,Mun,1st,54777.0,asturias
Badian,Mun,1st,44626.0,badian
Balamban,Mun,1st,98170.0,balamban
Bantayan,Mun,1st,87394.0,bantayan
Barili,Mun,1st,82427.0,barili
City of Bogo,City,4th,90187.0,bogo
Boljoon,Mun,4th,17153.0,boljoon
Borbon,Mun,2nd,40097.0,borbon
City of Carcar,City,3rd,140308.0,carcar
Carmen,Mun,1st,60230.0,carmen
Catmon,Mun,2nd,34608.0,catmon
Compostela,Mun,1st,58178.0,compostela
Consolacion,Mun,1st,153931.0,consolacion
Cordova,Mun,1st,72915.0,cordova
Daanbantayan,Mun,1st,95080.0,daanbantayan
Dalaguete,Mun,1st,75937.0,dalaguete
Danao City,City,2nd,161307.0,danao
Dumanjug,Mun,1st,59954.0,dumanjug
Ginatilan,Mun,4th,17184.0,ginatilan
Liloan,Mun,1st,158387.0,liloan
Madridejos,Mun,1st,42828.0,madridejos
Malabuyoc,Mun,4th,20378.0,malabuyoc
Medellin,Mun,1st,62163.0,medellin
Minglanilla,Mun,1st,155934.0,minglanilla
Moalboal,Mun,1st,37993.0,moalboal
City of Naga,City,3rd,138727.0,naga
Oslob,Mun,1st,29378.0,oslob
Pilar,Mun,5th,12454.0,pilar
Pinamungajan,Mun,1st,76568.0,pinamungajan
Poro,Mun,3rd,26908.0,poro
Ronda,Mun,4th,21179.0,ronda
Samboan,Mun,4th,20736.0,samboan
San Fernando,Mun,1st,76110.0,san fernando
San Francisco,Mun,1st,61092.0,san francisco
San Remigio,Mun,1st,67850.0,san remigio
Santa Fe,Mun,3rd,34834.0,santa fe
Santander,Mun,4th,18669.0,santander
Sibonga,Mun,1st,54610.0,sibonga
Sogod,Mun,2nd,40746.0,sogod
Tabogon,Mun,2nd,42066.0,tabogon
Tabuelan,Mun,2nd,29662.0,tabuelan
City of Talisay,City,1st,263832.0,talisay
City of Toledo,City,1st,206692.0,toledo
Tuburan,Mun,1st,68307.0,tuburan
Tudela,Mun,4th,11638.0,tudela
City of Cebu ,City,1st,965332.0,cebu
City of Lapu-Lapu,City,1st,497813.0,lapu-lapu
City of Mandaue,City,1st,364482.0,mandaue
Arteche,Mun,4th*,16648.0,arteche
Balangiga,Mun,3rd,14473.0,balangiga
Balangkayan,Mun,4th,10014.0,balangkayan
City of Borongan ,City,2nd,71431.0,borongan
Can-Avid,Mun,2nd,21942.0,can-avid
Dolores,Mun,1st,45314.0,dolores
General Macarthur,Mun,4th,14606.0,general macarthur
Giporlos,Mun,4th,12974.0,giporlos
Guiuan,Mun,1st,52749.0,guiuan
Hernani,Mun,5th,8296.0,hernani
Jipapad,Mun,4th,8726.0,jipapad
Lawaan,Mun,4th,13063.0,lawaan
Llorente,Mun,1st,18909.0,llorente
Maslog,Mun,4th,5438.0,maslog
Maydolong,Mun,2nd,15456.0,maydolong
Mercedes,Mun,5th,6114.0,mercedes
Oras,Mun,2nd,35997.0,oras
Quinapondan,Mun,4th,14624.0,quinapondan
Salcedo,Mun,3rd,21335.0,salcedo
San Julian,Mun,4th,14509.0,san julian
San Policarpo,Mun,4th,15597.0,san policarpo
Sulat,Mun,4th,15776.0,sulat
Taft,Mun,3rd,18692.0,taft
Abuyog,Mun,1st,61854.0,abuyog
Alangalang,Mun,1st,59063.0,alangalang
Albuera,Mun,1st,47333.0,albuera
Babatngon,Mun,3rd,29587.0,babatngon
Barugo,Mun,3rd,35402.0,barugo
Bato,Mun,2nd,39275.0,bato
City of Baybay,City,1st,114708.0,baybay
Burauen,Mun,1st,54635.0,burauen
Calubian,Mun,3rd,31990.0,calubian
Capoocan,Mun,2nd,34388.0,capoocan
Carigara,Mun,1st,56060.0,carigara
Dagami,Mun,2nd,36700.0,dagami
Dulag,Mun,2nd,50728.0,dulag
Hilongos,Mun,1st,66774.0,hilongos
Hindang,Mun,4th,21520.0,hindang
Inopacan,Mun,4th,21629.0,inopacan
Isabel,Mun,1st,46858.0,isabel
Jaro,Mun,1st,44643.0,jaro
Javier,Mun,3rd,27759.0,javier
Julita,Mun,4th,16053.0,julita
Kananga,Mun,1st,60885.0,kananga
La Paz,Mun,4th,19797.0,la paz
Leyte,Mun,2nd,40622.0,leyte
Macarthur,Mun,4th,22256.0,macarthur
Mahaplag,Mun,3rd,28424.0,mahaplag
Matag-Ob,Mun,4th,18618.0,matag-ob
Matalom,Mun,2nd,32604.0,matalom
Mayorga,Mun,4th,18713.0,mayorga
Merida,Mun,3rd,32373.0,merida
Ormoc City,City,1st,238545.0,ormoc
Palo,Mun,1st,80291.0,palo
Palompon,Mun,1st,59486.0,palompon
Pastrana,Mun,4th,20327.0,pastrana
San Isidro,Mun,3rd,30792.0,san isidro
San Miguel,Mun,3rd,20322.0,san miguel
Santa Fe,Mun,4th,22889.0,santa fe
Tabango,Mun,3rd,33888.0,tabango
Tabontabon,Mun,5th,12157.0,tabontabon
Tanauan,Mun,1st,60212.0,tanauan
Tolosa,Mun,4th,22016.0,tolosa
Tunga,Mun,5th,8301.0,tunga
Villaba,Mun,2nd,42981.0,villaba
Allen,Mun,4th,26527.0,allen
Biri,Mun,5th,11005.0,biri
Bobon,Mun,3rd,27266.0,bobon
Capul,Mun,5th,12127.0,capul
Catarman ,Mun,1st,97738.0,catarman
Catubig,Mun,2nd,32688.0,catubig
Gamay,Mun,3rd,21546.0,gamay
Laoang,Mun,1st,60980.0,laoang
Lapinig,Mun,5th,11908.0,lapinig
Las Navas,Mun,2nd,37425.0,las navas
Lavezares,Mun,3rd,29801.0,lavezares
Mapanas,Mun,4th,14858.0,mapanas
Mondragon,Mun,1st,43116.0,mondragon
Palapag,Mun,2nd,34954.0,palapag
Pambujan,Mun,2nd,34174.0,pambujan
Rosario,Mun,5th,11726.0,rosario
San Antonio,Mun,5th,8904.0,san antonio
San Isidro,Mun,2nd,26068.0,san isidro
San Jose,Mun,4th,18301.0,san jose
San Roque,Mun,3rd,29993.0,san roque
San Vicente,Mun,5th,7308.0,san vicente
Silvino Lobos,Mun,3rd,15512.0,silvino lobos
Victoria,Mun,4th,16085.0,victoria
Lope De Vega,Mun,3rd,15779.0,lope de vega
Almagro,Mun,5th,8571.0,almagro
Basey,Mun,1st,57645.0,basey
City of Calbayog,City,1st,187848.0,calbayog
Calbiga,Mun,2nd,23309.0,calbiga
City of Catbalogan ,City,3rd,107896.0,catbalogan
Daram,Mun,2nd,41932.0,daram
Gandara,Mun,1st,36826.0,gandara
Hinabangan,Mun,2nd,13791.0,hinabangan
Jiabong,Mun,4th,19482.0,jiabong
Marabut,Mun,4th,18168.0,marabut
Matuguinao,Mun,4th,7708.0,matuguinao
Motiong,Mun,4th,15887.0,motiong
Pinabacdao,Mun,3rd,18639.0,pinabacdao
San Jose De Buan,Mun,3rd,7939.0,san jose de buan
San Sebastian,Mun,5th,9110.0,san sebastian
Santa Margarita,Mun,3rd,27012.0,santa margarita
Santa Rita,Mun,1st,42397.0,santa rita
Santo Niño,Mun,5th,13088.0,santo niño
Talalora,Mun,5th,8530.0,talalora
Tarangnan,Mun,3rd,26013.0,tarangnan
Villareal,Mun,3rd,27909.0,villareal
Paranas,Mun,1st,35281.0,paranas
Zumarraga,Mun,4th,16051.0,zumarraga
Tagapul-An,Mun,5th,9139.0,tagapul-an
San Jorge,Mun,3rd,17863.0,san jorge
Pagsanghan,Mun,5th,8145.0,pagsanghan
Anahawan,Mun,5th,8766.0,anahawan
Bontoc,Mun,3rd,32082.0,bontoc
Hinunangan,Mun,2nd,30384.0,hinunangan
Hinundayan,Mun,4th,13042.0,hinundayan
Libagon,Mun,4th,16146.0,libagon
Liloan,Mun,3rd,23787.0,liloan
City of Maasin ,City,3rd,85486.0,maasin
Macrohon,Mun,3rd,27276.0,macrohon
Malitbog,Mun,4th,21691.0,malitbog
Padre Burgos,Mun,5th,11515.0,padre burgos
Pintuyan,Mun,5th,10930.0,pintuyan
Saint Bernard,Mun,3rd,28131.0,saint bernard
San Francisco,Mun,4th,12897.0,san francisco
San Juan,Mun,4th,15036.0,san juan
San Ricardo,Mun,5th,10385.0,san ricardo
Silago,Mun,4th,14677.0,silago
Sogod,Mun,1st,48815.0,sogod
Tomas Oppus,Mun,4th,16846.0,tomas oppus
Limasawa,Mun,5th,6480.0,limasawa
Almeria,Mun,4th,18716.0,almeria
Biliran,Mun,4th,18721.0,biliran
Cabucgayan,Mun,4th,21923.0,cabucgayan
Caibiran,Mun,4th,24444.0,caibiran
Culaba,Mun,4th,13563.0,culaba
Kawayan,Mun,4th,21422.0,kawayan
Maripipi,Mun,5th,6070.0,maripipi
Naval ,Mun,1st,59236.0,naval
City of Tacloban ,City,1st,259353.0,tacloban
Indanan,Mun,1st,105384.0,indanan
Jolo ,Mun,1st,152067.0,jolo
Kalingalan Caluang,Mun,3rd,42845.0,kalingalan caluang
Luuk,Mun,3rd,44741.0,luuk
Maimbung,Mun,2nd,85681.0,maimbung
Hadji Panglima Tahil,Mun,5th,8441.0,hadji panglima tahil
Old Panamao,Mun,2nd,53903.0,old panamao
Pangutaran,Mun,2nd,41575.0,pangutaran
Parang,Mun,1st,83092.0,parang
Pata,Mun,4th,27974.0,pata
Patikul,Mun,1st,92600.0,patikul
Siasi,Mun,1st,100076.0,siasi
Talipao,Mun,1st,107901.0,talipao
Tapul,Mun,4th,21830.0,tapul
Tongkil,Mun,2nd,39202.0,tongkil
Panglima Estino,Mun,3rd,37157.0,panglima estino
Lugus,Mun,4th,35412.0,lugus
Pandami,Mun,3rd,35369.0,pandami
Omar,Mun,4th,30847.0,omar
City of Dapitan,City,2nd,87699.0,dapitan
City of Dipolog ,City,2nd,136528.0,dipolog
Katipunan,Mun,1st,43427.0,katipunan
La Libertad,Mun,5th,7874.0,la libertad
Labason,Mun,2nd,44615.0,labason
Liloy,Mun,2nd,41881.0,liloy
Manukan,Mun,1st,35669.0,manukan
Mutia,Mun,4th,12197.0,mutia
Piñan,Mun,3rd,19184.0,piñan
Polanco,Mun,1st,40485.0,polanco
Pres. Manuel A. Roxas,Mun,1st,38649.0,pres. manuel a. roxas
Rizal,Mun,4th,15347.0,rizal
Salug,Mun,2nd,33060.0,salug
Sergio Osmeña Sr.,Mun,1st,31187.0,sergio osmeña sr.
Siayan,Mun,1st,40937.0,siayan
Sibuco,Mun,1st,37883.0,sibuco
Sibutad,Mun,4th,18199.0,sibutad
Sindangan,Mun,1st,104514.0,sindangan
Siocon,Mun,1st,51239.0,siocon
Sirawai,Mun,2nd,39836.0,sirawai
Tampilisan,Mun,3rd,24653.0,tampilisan
Jose Dalman,Mun,3rd,27951.0,jose dalman
Gutalac,Mun,1st,37512.0,gutalac
Baliguian,Mun,1st,25585.0,baliguian
Godod,Mun,3rd,18040.0,godod
Leon T. Postigo,Mun,2nd,29535.0,leon t. postigo
Kalawit,Mun,3rd,23381.0,kalawit
Aurora,Mun,1st,52746.0,aurora
Bayog,Mun,1st,32687.0,bayog
Dimataling,Mun,3rd,33156.0,dimataling
Dinas,Mun,2nd,35409.0,dinas
Dumalinao,Mun,2nd,34188.0,dumalinao
Dumingag,Mun,1st,48495.0,dumingag
Kumalarang,Mun,2nd,30815.0,kumalarang
Labangan,Mun,2nd,45343.0,labangan
Lapuyan,Mun,2nd,28686.0,lapuyan
Mahayag,Mun,1st,48695.0,mahayag
Margosatubig,Mun,2nd,36025.0,margosatubig
Midsalip,Mun,2nd,35643.0,midsalip
Molave,Mun,1st,52540.0,molave
City of Pagadian ,City,1st,206483.0,pagadian
Ramon Magsaysay,Mun,3rd,28419.0,ramon magsaysay
San Miguel,Mun,3rd,20037.0,san miguel
San Pablo,Mun,3rd,26166.0,san pablo
Tabina,Mun,3rd,24591.0,tabina
Tambulig,Mun,2nd,37400.0,tambulig
Tukuran,Mun,2nd,42683.0,tukuran
Lakewood,Mun,3rd,23599.0,lakewood
Josefina,Mun,4th,11190.0,josefina
Pitogo,Mun,3rd,28375.0,pitogo
Sominot,Mun,4th,17247.0,sominot
Vincenzo A. Sagun,Mun,4th,22619.0,vincenzo a. sagun
Guipos,Mun,4th,22173.0,guipos
Tigbao,Mun,4th,19716.0,tigbao
Alicia,Mun,2nd,39484.0,alicia
Buug,Mun,2nd,38730.0,buug
Diplahan,Mun,1st,32423.0,diplahan
Imelda,Mun,3rd,29652.0,imelda
Ipil ,Mun,1st,96363.0,ipil
Kabasalan,Mun,1st,48366.0,kabasalan
Mabuhay,Mun,3rd,24296.0,mabuhay
Malangas,Mun,1st,33194.0,malangas
Naga,Mun,1st,42270.0,naga
Olutanga,Mun,2nd,34124.0,olutanga
Payao,Mun,2nd,33156.0,payao
Roseller Lim,Mun,1st,44735.0,roseller lim
Siay,Mun,1st,43233.0,siay
Talusan,Mun,4th,17925.0,talusan
Titay,Mun,1st,55534.0,titay
Tungawan,Mun,1st,48013.0,tungawan
City of Isabela,City,3rd,151297.0,isabela
City of Zamboanga,City,1st,1018849.0,zamboanga
Baungon,Mun,1st,39151.0,baungon
Damulog,Mun,2nd,38564.0,damulog
Dangcagan,Mun,1st,27128.0,dangcagan
Don Carlos,Mun,1st,73592.0,don carlos
Impasug-ong,Mun,1st,55901.0,impasug-ong
Kadingilan,Mun,2nd,35432.0,kadingilan
Kalilangan,Mun,1st,44108.0,kalilangan
Kibawe,Mun,1st,43491.0,kibawe
Kitaotao,Mun,1st,57364.0,kitaotao
Lantapan,Mun,1st,68777.0,lantapan
Libona,Mun,1st,51555.0,libona
City of Malaybalay ,City,1st,195046.0,malaybalay
Malitbog,Mun,1st,28666.0,malitbog
Manolo Fortich,Mun,1st,118075.0,manolo fortich
Maramag,Mun,1st,109864.0,maramag
Pangantucan,Mun,1st,60162.0,pangantucan
Quezon,Mun,1st,114521.0,quezon
San Fernando,Mun,1st,65494.0,san fernando
Sumilao,Mun,2nd,31094.0,sumilao
Talakag,Mun,1st,81932.0,talakag
City of Valencia,City,1st,223620.0,valencia
Cabanglasan,Mun,2nd,38365.0,cabanglasan
Catarman,Mun,4th,18186.0,catarman
Guinsiliban,Mun,5th,6827.0,guinsiliban
Mahinog,Mun,4th,14905.0,mahinog
Mambajao ,Mun,2nd,41782.0,mambajao
Sagay,Mun,5th,13192.0,sagay
Bacolod,Mun,3rd,24963.0,bacolod
Baloi,Mun,1st,74003.0,baloi
Baroy,Mun,4th,24763.0,baroy
Kapatagan,Mun,1st,72762.0,kapatagan
Sultan Naga Dimaporo,Mun,1st,65656.0,sultan naga dimaporo
Kauswagan,Mun,1st,25515.0,kauswagan
Kolambugan,Mun,3rd,28545.0,kolambugan
Lala,Mun,1st,75015.0,lala
Linamon,Mun,4th,21385.0,linamon
Magsaysay,Mun,3rd,20581.0,magsaysay
Maigo,Mun,3rd,23400.0,maigo
Matungao,Mun,4th,16404.0,matungao
Munai,Mun,2nd,36449.0,munai
Nunungan,Mun,1st,19036.0,nunungan
Pantao Ragat,Mun,3rd,32557.0,pantao ragat
Poona Piagapo,Mun,2nd,30666.0,poona piagapo
Salvador,Mun,3rd,34053.0,salvador
Sapad,Mun,4th,24826.0,sapad
Tagoloan,Mun,4th,16204.0,tagoloan
Tangcal,Mun,4th,17247.0,tangcal
Tubod ,Mun,1st,50395.0,tubod
Pantar,Mun,4th,27300.0,pantar
Aloran,Mun,3rd,28095.0,aloran
Baliangao,Mun,4th,18500.0,baliangao
Bonifacio,Mun,2nd,34942.0,bonifacio
Calamba,Mun,3rd,23808.0,calamba
Clarin,Mun,2nd,39867.0,clarin
Concepcion,Mun,5th,6608.0,concepcion
Jimenez,Mun,2nd,29265.0,jimenez
Lopez Jaena,Mun,3rd,25806.0,lopez jaena
City of Oroquieta ,City,3rd,71373.0,oroquieta
City of Ozamiz,City,2nd,143620.0,ozamiz
Panaon,Mun,4th,10891.0,panaon
Plaridel,Mun,1st,40321.0,plaridel
Sapang Dalaga,Mun,4th,21006.0,sapang dalaga
Sinacaban,Mun,4th,20176.0,sinacaban
City of Tangub,City,3rd,68419.0,tangub
Tudela,Mun,3rd,29082.0,tudela
Don Victoriano Chiongbian,Mun,3rd,10214.0,don victoriano chiongbian
Alubijid,Mun,1st,35411.0,alubijid
Balingasag,Mun,1st,76877.0,balingasag
Balingoan,Mun,4th,11896.0,balingoan
Binuangan,Mun,5th,8293.0,binuangan
Claveria,Mun,1st,52718.0,claveria
City of El Salvador,City,4th,62126.0,el salvador
City of Gingoog,City,1st,138895.0,gingoog
Gitagum,Mun,2nd,19269.0,gitagum
Initao,Mun,1st,34445.0,initao
Jasaan,Mun,1st,58098.0,jasaan
Kinoguitan,Mun,4th,15763.0,kinoguitan
Lagonglong,Mun,4th,25072.0,lagonglong
Laguindingan,Mun,2nd,27688.0,laguindingan
Libertad,Mun,4th,13461.0,libertad
Lugait,Mun,3rd*,20946.0,lugait
Magsaysay,Mun,2nd,37084.0,magsaysay
Manticao,Mun,2nd,30968.0,manticao
Medina,Mun,2nd,36692.0,medina
Naawan,Mun,3rd,23562.0,naawan
Opol,Mun,1st,66836.0,opol
Salay,Mun,2nd,31128.0,salay
Sugbongcogon,Mun,5th,11156.0,sugbongcogon
Tagoloan,Mun,1st,80424.0,tagoloan
Talisayan,Mun,3rd,26801.0,talisayan
Villanueva,Mun,1st,42456.0,villanueva
City of Cagayan De Oro ,City,1st,741617.0,cagayan de oro
City of Iligan,City,1st,368132.0,iligan
Asuncion,Mun,1st,62929.0,asuncion
Carmen,Mun,1st,85423.0,carmen
Kapalong,Mun,1st,80731.0,kapalong
New Corella,Mun,1st,60454.0,new corella
City of Panabo,City,1st,211242.0,panabo
Island Garden City of Samal,City,2nd,119701.0,island garden samal
Santo Tomas,Mun,1st,131100.0,santo tomas
City of Tagum ,City,1st,300042.0,tagum
Talaingod,Mun,1st,28665.0,talaingod
Braulio E. Dujali,Mun,3rd,36092.0,braulio e. dujali
San Isidro,Mun,3rd,27552.0,san isidro
Bansalan,Mun,1st,64816.0,bansalan
City of Digos ,City,1st,192063.0,digos
Hagonoy,Mun,1st,58689.0,hagonoy
Kiblawan,Mun,1st,53757.0,kiblawan
Magsaysay,Mun,1st,57936.0,magsaysay
Malalag,Mun,1st,40280.0,malalag
Matanao,Mun,1st,62773.0,matanao
Padada,Mun,2nd,29888.0,padada
Santa Cruz,Mun,1st,104793.0,santa cruz
Sulop,Mun,2nd,40134.0,sulop
Baganga,Mun,1st,59796.0,baganga
Banaybanay,Mun,1st,46231.0,banaybanay
Boston,Mun,2nd,15074.0,boston
Caraga,Mun,1st,39630.0,caraga
Cateel,Mun,1st,45623.0,cateel
Governor Generoso,Mun,1st,63695.0,governor generoso
Lupon,Mun,1st,68717.0,lupon
Manay,Mun,1st,39271.0,manay
City of Mati ,City,1st,148672.0,mati
San Isidro,Mun,2nd,35984.0,san isidro
Tarragona,Mun,2nd,27349.0,tarragona
Compostela,Mun,1st,89224.0,compostela
Laak,Mun,1st,83632.0,laak
Mabini,Mun,1st,43971.0,mabini
Maco,Mun,1st,87680.0,maco
Maragusan,Mun,1st,67759.0,maragusan
Mawab,Mun,1st,41050.0,mawab
Monkayo,Mun,1st,96405.0,monkayo
Montevista,Mun,1st,46581.0,montevista
Nabunturan ,Mun,1st,85949.0,nabunturan
New Bataan,Mun,1st,50212.0,new bataan
Pantukan,Mun,1st,91312.0,pantukan
Don Marcelino,Mun,1st,45681.0,don marcelino
Jose Abad Santos,Mun,1st,72552.0,jose abad santos
Malita ,Mun,1st,118438.0,malita
Santa Maria,Mun,1st,58886.0,santa maria
Sarangani,Mun,4th,22041.0,sarangani
City of Davao,City,1st,1848947.0,davao
Alamada,Mun,1st,71523.0,alamada
Carmen,Mun,1st,79741.0,carmen
Kabacan,Mun,1st,77945.0,kabacan
City of Kidapawan ,City,1st,160864.0,kidapawan
Libungan,Mun,1st,57776.0,libungan
Magpet,Mun,1st,55255.0,magpet
Makilala,Mun,1st,88522.0,makilala
Matalam,Mun,1st,81610.0,matalam
Midsayap,Mun,1st,115735.0,midsayap
M'Lang,Mun,1st,98646.0,m'lang
Pigkawayan,Mun,1st,53593.0,pigkawayan
Pikit,Mun,1st,67220.0,pikit
President Roxas,Mun,1st,51245.0,president roxas
Tulunan,Mun,1st,61901.0,tulunan
Antipas,Mun,1st,26946.0,antipas
Banisilan,Mun,1st,48013.0,banisilan
Aleosan,Mun,1st,38023.0,aleosan
Arakan,Mun,1st,51584.0,arakan
Banga,Mun,1st,91536.0,banga
City of Koronadal ,City,1st,201844.0,koronadal
Norala,Mun,2nd,48499.0,norala
Polomolok,Mun,1st,176671.0,polomolok
Surallah,Mun,1st,91412.0,surallah
Tampakan,Mun,1st,42304.0,tampakan
Tantangan,Mun,2nd,48570.0,tantangan
T'Boli,Mun,1st,105296.0,t'boli
Tupi,Mun,1st,78599.0,tupi
Santo Niño,Mun,2nd,41026.0,santo niño
Lake Sebu,Mun,1st,84252.0,lake sebu
Bagumbayan,Mun,1st,69830.0,bagumbayan
Columbio,Mun,1st,33337.0,columbio
Esperanza,Mun,1st,73822.0,esperanza
Isulan ,Mun,1st,101455.0,isulan
Kalamansig,Mun,1st,52257.0,kalamansig
Lebak,Mun,1st,93312.0,lebak
Lutayan,Mun,1st,65425.0,lutayan
Lambayong,Mun,1st,81288.0,lambayong
Palimbang,Mun,1st,83633.0,palimbang
President Quirino,Mun,2nd,44344.0,president quirino
City of Tacurong,City,3rd,116945.0,tacurong
Sen. Ninoy Aquino,Mun,1st,48003.0,sen. ninoy aquino
Alabel ,Mun,1st,90120.0,alabel
Glan,Mun,1st,117017.0,glan
Kiamba,Mun,1st,68745.0,kiamba
Maasim,Mun,1st,67907.0,maasim
Maitum,Mun,1st,46120.0,maitum
Malapatan,Mun,1st,82577.0,malapatan
Malungon,Mun,1st,108429.0,malungon
City of General Santos,City,1st,722059.0,general santos
Buenavista,Mun,1st,70691.0,buenavista
City of Cabadbaran,City,3rd,82343.0,cabadbaran
Carmen,Mun,3rd,23304.0,carmen
Jabonga,Mun,2nd,25937.0,jabonga
Kitcharao,Mun,3rd,22671.0,kitcharao
Las Nieves,Mun,1st,32402.0,las nieves
Magallanes,Mun,4th,22780.0,magallanes
Nasipit,Mun,1st,46382.0,nasipit
Santiago,Mun,1st,33877.0,santiago
Tubay,Mun,1st,26463.0,tubay
Remedios T. Romualdez,Mun,4th,17250.0,remedios t. romualdez
City of Bayugan,City,1st,110313.0,bayugan
Bunawan,Mun,1st,50999.0,bunawan
Esperanza,Mun,1st,59065.0,esperanza
La Paz,Mun,1st,29096.0,la paz
Loreto,Mun,1st,43761.0,loreto
Prosperidad ,Mun,1st,90162.0,prosperidad
Rosario,Mun,1st,51207.0,rosario
San Francisco,Mun,1st,79718.0,san francisco
San Luis,Mun,1st,36264.0,san luis
Santa Josefa,Mun,1st,24667.0,santa josefa
Talacogon,Mun,1st,37744.0,talacogon
Trento,Mun,1st,51179.0,trento
Veruela,Mun,1st,43085.0,veruela
Sibagat,Mun,1st,33271.0,sibagat
Alegria,Mun,4th,17846.0,alegria
Bacuag,Mun,4th,17076.0,bacuag
Burgos,Mun,5th,4399.0,burgos
Claver,Mun,1st,39882.0,claver
Dapa,Mun,2nd,31392.0,dapa
Del Carmen,Mun,3rd,20786.0,del carmen
General Luna,Mun,3rd,25208.0,general luna
Gigaquit,Mun,3rd,22949.0,gigaquit
Mainit,Mun,3rd,29205.0,mainit
Malimono,Mun,4th,19442.0,malimono
Pilar,Mun,4th,11135.0,pilar
Placer,Mun,3rd,30442.0,placer
San Benito,Mun,5th,5880.0,san benito
San Francisco,Mun,4th,16004.0,san francisco
San Isidro,Mun,5th,8813.0,san isidro
Santa Monica,Mun,5th,9757.0,santa monica
Sison,Mun,4th,14826.0,sison
Socorro,Mun,3rd,28436.0,socorro
City of Surigao ,City,2nd,177333.0,surigao
Tagana-An,Mun,3rd,18158.0,tagana-an
Tubod,Mun,4th,16675.0,tubod
Barobo,Mun,1st,53729.0,barobo
Bayabas,Mun,4th,9016.0,bayabas
City of Bislig,City,2nd,99872.0,bislig
Cagwait,Mun,2nd,22305.0,cagwait
Cantilan,Mun,1st,34233.0,cantilan
Carmen,Mun,4th,11859.0,carmen
Carrascal,Mun,1st,25672.0,carrascal
Cortes,Mun,4th,18023.0,cortes
Hinatuan,Mun,1st,44475.0,hinatuan
Lanuza,Mun,3rd,13750.0,lanuza
Lianga,Mun,2nd,34213.0,lianga
Lingig,Mun,1st,35203.0,lingig
Madrid,Mun,3rd,16872.0,madrid
Marihatag,Mun,2nd,19730.0,marihatag
San Agustin,Mun,2nd,23612.0,san agustin
San Miguel,Mun,1st,41942.0,san miguel
Tagbina,Mun,1st,41157.0,tagbina
Tago,Mun,1st,40097.0,tago
City of Tandag ,City,3rd,63098.0,tandag
Basilisa,Mun,3rd,27238.0,basilisa
Cagdianao,Mun,1st,18679.0,cagdianao
Dinagat,Mun,4th,10820.0,dinagat
Libjo,Mun,3rd,18157.0,libjo
Loreto,Mun,2nd,9940.0,loreto
San Jose ,Mun,4th,26735.0,san jose
Tubajon,Mun,4th,8964.0,tubajon
City of Butuan ,City,1st,385530.0,butuan
City of Lamitan ,City,3rd,116652.0,lamitan
Lantawan,Mun,2nd,48777.0,lantawan
Maluso,Mun,2nd,66817.0,maluso
Sumisip,Mun,1st,55778.0,sumisip
Tipo-Tipo,Mun,4th*,32734.0,tipo-tipo
Tuburan,Mun,2nd,30027.0,tuburan
Akbar,Mun,4th,27911.0,akbar
Al-Barka,Mun,4th,30318.0,al-barka
Hadji Mohammad Ajul,Mun,4th,32806.0,hadji mohammad ajul
Ungkaya Pukan,Mun,4th,31041.0,ungkaya pukan
Hadji Muhtamad,Mun,5th,30122.0,hadji muhtamad
Tabuan-Lasa,Mun,4th,38964.0,tabuan-lasa
Bacolod-Kalawi,Mun,1st,24381.0,bacolod-kalawi
Balabagan,Mun,2nd,31227.0,balabagan
Balindong,Mun,2nd,40047.0,balindong
Bayang,Mun,3rd,30227.0,bayang
Binidayan,Mun,3rd,27031.0,binidayan
Bubong,Mun,1st,28733.0,bubong
Butig,Mun,2nd,25394.0,butig
Ganassi,Mun,2nd,33897.0,ganassi
Kapai,Mun,2nd,21630.0,kapai
Lumba-Bayabao,Mun,1st,50959.0,lumba-bayabao
Lumbatan,Mun,4th,24988.0,lumbatan
Madalum,Mun,1st,30044.0,madalum
Madamba,Mun,3rd,24886.0,madamba
Malabang,Mun,1st,58377.0,malabang
Marantao,Mun,1st,46233.0,marantao
City of Marawi ,City,3rd,259993.0,marawi
Masiu,Mun,3rd,36803.0,masiu
Mulondo,Mun,2nd,23159.0,mulondo
Pagayawan,Mun,3rd,15659.0,pagayawan
Piagapo,Mun,2nd,40558.0,piagapo
Poona Bayabao,Mun,2nd,33307.0,poona bayabao
Pualas,Mun,3rd,18020.0,pualas
Ditsaan-Ramain,Mun,2nd,26918.0,ditsaan-ramain
Saguiaran,Mun,3rd,28807.0,saguiaran
Tamparan,Mun,3rd,37190.0,tamparan
Taraka,Mun,2nd,29558.0,taraka
Tubaran,Mun,2nd,17567.0,tubaran
Tugaya,Mun,3rd,26283.0,tugaya
Wao,Mun,1st,51081.0,wao
Marogong,Mun,2nd,33595.0,marogong
Calanogas,Mun,4th,17585.0,calanogas
Buadiposo-Buntong,Mun,3rd,23283.0,buadiposo-buntong
Maguing,Mun,1st,37292.0,maguing
Picong,Mun,3rd,19296.0,picong
Lumbayanague,Mun,3rd,21469.0,lumbayanague
Amai Manabilang,Mun,1st,14837.0,amai manabilang
Tagoloan II,Mun,3rd,12843.0,tagoloan ii
Kapatagan,Mun,2nd,23228.0,kapatagan
Sultan Dumalondong,Mun,5th,12984.0,sultan dumalondong
Lumbaca-Unayan,Mun,5th,8768.0,lumbaca-unayan
Panglima Sugala,Mun,1st,52657.0,panglima sugala
Bongao ,Mun,1st,131887.0,bongao
Mapun,Mun,3rd,29218.0,mapun
Simunul,Mun,2nd,35616.0,simunul
Sitangkai,Mun,1st,42172.0,sitangkai
South Ubian,Mun,2nd,31942.0,south ubian
Tandubas,Mun,1st,34702.0,tandubas
Turtle Islands,Mun,5th,7665.0,turtle islands
Languyan,Mun,1st,41587.0,languyan
Sapa-Sapa,Mun,2nd,37129.0,sapa-sapa
Sibutu,Mun,3rd,38070.0,sibutu
Barira,Mun,2nd,43301.0,barira
Buldon,Mun,1st,45676.0,buldon
City of Cotabato,City,1st,383383.0,cotabato
Datu Blah T. Sinsuat,Mun,3rd,32088.0,datu blah t. sinsuat
Datu Odin Sinsuat,Mun,1st,152907.0,datu odin sinsuat
Kabuntalan,Mun,4th,31863.0,kabuntalan
Matanog,Mun,3rd,41146.0,matanog
Northern Kabuntalan,Mun,4th,30332.0,northern kabuntalan
Parang,Mun,1st,123209.0,parang
Sultan Kudarat,Mun,1st,124965.0,sultan kudarat
Sultan Mastura,Mun,3rd,30828.0,sultan mastura
Talitay,Mun,4th,19750.0,talitay
Upi,Mun,1st,65363.0,upi
Ampatuan,Mun,2nd,31560.0,ampatuan
Buluan,Mun,1st,60931.0,buluan
Datu Abdullah Sangki,Mun,2nd,35274.0,datu abdullah sangki
Datu Anggal Midtimbang,Mun,4th,35243.0,datu anggal midtimbang
Datu Hoffer Ampatuan,Mun,4th,27678.0,datu hoffer ampatuan
Datu Paglas,Mun,3rd,38446.0,datu paglas
Datu Piang,Mun,2nd,31063.0,datu piang
Datu Salibo,Mun,4th,21295.0,datu salibo
Datu Saudi Ampatuan,Mun,4th,33374.0,datu saudi ampatuan
Datu Unsay,Mun,4th,17186.0,datu unsay
Gen. S.K. Pendatun,Mun,2nd,33710.0,gen. s.k. pendatun
Guindulungan,Mun,4th,28471.0,guindulungan
Mamasapano,Mun,4th,32831.0,mamasapano
Mangudadatu,Mun,3rd,28511.0,mangudadatu
Pagagawan,Mun,2nd,42181.0,pagagawan
Pagalungan,Mun,1st,49326.0,pagalungan
Paglat,Mun,4th,21317.0,paglat
Pandag,Mun,4th,29244.0,pandag
Rajah Buayan,Mun,4th,31329.0,rajah buayan
Shariff Aguak,Mun,2nd,37437.0,shariff aguak
Shariff Saydona Mustapha,Mun,4th,29707.0,shariff saydona mustapha
South Upi,Mun,2nd,50018.0,south upi
Sultan Sa Barongis,Mun,3rd*,27929.0,sultan sa barongis
Talayan,Mun,3rd,39182.0,talayan
Kapalawan,Mun,-,29191.0,kapalawan
Old Kaabakan,Mun,-,16181.0,old kaabakan
Kadayangan,Mun,-,26099.0,kadayangan
Nabalawag,Mun,-,25500.0,nabalawag
Pahamuddin,Mun,-,19262.0,pahamuddin
Malidegao,Mun,-,36427.0,malidegao
Ligawasan,Mun,-,28322.0,ligawasan
Tugunan,Mun,-,33721.0,tugunan
